id,text,brand,product,platform,date,source_url,data_kind
SYN0001,某国货早C晚A太刺激，已经停用，想要低刺激的选择。（合成场景 0001：使用第1天，单次1泵。）,未指明,未指明,模拟天猫,2026-08-01,,合成演示数据
SYN0002,化妆前叠涂防晒会搓泥，想要更容易搭配底妆。（合成场景 0002：使用第2天，单次2泵。）,珀莱雅,双抗精华,模拟小红书,2026-08-02,,合成演示数据
SYN0003,上脸烫但不是过敏，晚上用完有些泛红，希望更温和一点。（合成场景 0003：使用第3天，单次3泵。）,珀莱雅,源力精华,模拟京东,2026-08-03,,合成演示数据
SYN0004,保湿好但是叠涂搓泥，希望解决搭配问题。（合成场景 0004：使用第4天，单次1泵。）,竞品示例,修护精华,模拟抖音,2026-08-04,,合成演示数据
SYN0005,吸收慢，摸起来黏黏的，希望肤感更清爽。（合成场景 0005：使用第5天，单次2泵。）,珀莱雅,红宝石面霜,模拟天猫,2026-08-05,,合成演示数据
SYN0006,换季脸还是干燥紧绷，希望保湿更持久。（合成场景 0006：使用第6天，单次3泵。）,珀莱雅,双抗精华,模拟小红书,2026-08-06,,合成演示数据
SYN0007,换季脸还是干燥紧绷，希望保湿更持久。（合成场景 0007：使用第7天，单次1泵。）,珀莱雅,源力精华,模拟京东,2026-08-07,,合成演示数据
SYN0008,油皮用了以后闷痘，鼻翼长了闭口，已经停用。（合成场景 0008：使用第8天，单次2泵。）,竞品示例,修护精华,模拟抖音,2026-08-08,,合成演示数据
SYN0009,保湿好但是叠涂搓泥，希望解决搭配问题。（合成场景 0009：使用第9天，单次3泵。）,珀莱雅,红宝石面霜,模拟天猫,2026-08-09,,合成演示数据
SYN0010,化妆前叠涂防晒会搓泥，想要更容易搭配底妆。（合成场景 0010：使用第10天，单次1泵。）,珀莱雅,双抗精华,模拟小红书,2026-08-10,,合成演示数据
SYN0011,某国货早C晚A太刺激，已经停用，想要低刺激的选择。（合成场景 0011：使用第11天，单次2泵。）,未指明,未指明,模拟京东,2026-08-11,,合成演示数据
SYN0012,保湿好但是叠涂搓泥，希望解决搭配问题。（合成场景 0012：使用第12天，单次3泵。）,竞品示例,修护精华,模拟抖音,2026-08-12,,合成演示数据
SYN0013,早上用吸收快，肤感清爽，化妆前也好用。（合成场景 0013：使用第13天，单次1泵。）,珀莱雅,红宝石面霜,模拟天猫,2026-08-13,,合成演示数据
SYN0014,化妆前叠涂防晒会搓泥，想要更容易搭配底妆。（合成场景 0014：使用第14天，单次2泵。）,珀莱雅,双抗精华,模拟小红书,2026-08-14,,合成演示数据
SYN0015,敏感肌用着温和，不刺激，没有泛红。（合成场景 0015：使用第15天，单次3泵。）,珀莱雅,源力精华,模拟京东,2026-08-15,,合成演示数据
SYN0016,价格高，活动后又涨价，日常买不划算。（合成场景 0016：使用第16天，单次1泵。）,竞品示例,修护精华,模拟抖音,2026-08-16,,合成演示数据
SYN0017,上脸烫但不是过敏，晚上用完有些泛红，希望更温和一点。（合成场景 0017：使用第17天，单次2泵。）,珀莱雅,红宝石面霜,模拟天猫,2026-08-17,,合成演示数据
SYN0018,上脸烫但不是过敏，晚上用完有些泛红，希望更温和一点。（合成场景 0018：使用第18天，单次3泵。）,珀莱雅,双抗精华,模拟小红书,2026-08-18,,合成演示数据
SYN0019,化妆前叠涂防晒会搓泥，想要更容易搭配底妆。（合成场景 0019：使用第19天，单次1泵。）,珀莱雅,源力精华,模拟京东,2026-08-19,,合成演示数据
SYN0020,换季脸还是干燥紧绷，希望保湿更持久。（合成场景 0020：使用第20天，单次2泵。）,竞品示例,修护精华,模拟抖音,2026-08-20,,合成演示数据
SYN0021,换季脸还是干燥紧绷，希望保湿更持久。（合成场景 0021：使用第21天，单次3泵。）,珀莱雅,红宝石面霜,模拟天猫,2026-08-21,,合成演示数据
SYN0022,早上用吸收快，肤感清爽，化妆前也好用。（合成场景 0022：使用第22天，单次1泵。）,珀莱雅,双抗精华,模拟小红书,2026-08-22,,合成演示数据
SYN0023,敏感肌用着温和，不刺激，没有泛红。（合成场景 0023：使用第23天，单次2泵。）,珀莱雅,源力精华,模拟京东,2026-08-23,,合成演示数据
SYN0024,上脸烫但不是过敏，晚上用完有些泛红，希望更温和一点。（合成场景 0024：使用第24天，单次3泵。）,竞品示例,修护精华,模拟抖音,2026-08-24,,合成演示数据
SYN0025,早上用吸收快，肤感清爽，化妆前也好用。（合成场景 0025：使用第25天，单次1泵。）,珀莱雅,红宝石面霜,模拟天猫,2026-08-25,,合成演示数据
SYN0026,换季脸还是干燥紧绷，希望保湿更持久。（合成场景 0026：使用第26天，单次2泵。）,珀莱雅,双抗精华,模拟小红书,2026-08-26,,合成演示数据
SYN0027,保湿好但是叠涂搓泥，希望解决搭配问题。（合成场景 0027：使用第27天，单次3泵。）,珀莱雅,源力精华,模拟京东,2026-08-27,,合成演示数据
SYN0028,某国货早C晚A太刺激，已经停用，想要低刺激的选择。（合成场景 0028：使用第28天，单次1泵。）,未指明,未指明,模拟抖音,2026-08-28,,合成演示数据
SYN0029,保湿好但是叠涂搓泥，希望解决搭配问题。（合成场景 0029：使用第1天，单次2泵。）,珀莱雅,红宝石面霜,模拟天猫,2026-08-01,,合成演示数据
SYN0030,早上用吸收快，肤感清爽，化妆前也好用。（合成场景 0030：使用第2天，单次3泵。）,珀莱雅,双抗精华,模拟小红书,2026-08-02,,合成演示数据
SYN0031,价格高，活动后又涨价，日常买不划算。（合成场景 0031：使用第3天，单次1泵。）,珀莱雅,源力精华,模拟京东,2026-08-03,,合成演示数据
SYN0032,换季脸还是干燥紧绷，希望保湿更持久。（合成场景 0032：使用第4天，单次2泵。）,竞品示例,修护精华,模拟抖音,2026-08-04,,合成演示数据
SYN0033,用了三周没变化，细纹改善不明显，希望说明见效周期。（合成场景 0033：使用第5天，单次3泵。）,珀莱雅,红宝石面霜,模拟天猫,2026-08-05,,合成演示数据
SYN0034,敏感肌用着温和，不刺激，没有泛红。（合成场景 0034：使用第6天，单次1泵。）,珀莱雅,双抗精华,模拟小红书,2026-08-06,,合成演示数据
SYN0035,吸收慢，摸起来黏黏的，希望肤感更清爽。（合成场景 0035：使用第7天，单次2泵。）,珀莱雅,源力精华,模拟京东,2026-08-07,,合成演示数据
SYN0036,上脸烫但不是过敏，晚上用完有些泛红，希望更温和一点。（合成场景 0036：使用第8天，单次3泵。）,竞品示例,修护精华,模拟抖音,2026-08-08,,合成演示数据
SYN0037,油皮用了以后闷痘，鼻翼长了闭口，已经停用。（合成场景 0037：使用第9天，单次1泵。）,珀莱雅,红宝石面霜,模拟天猫,2026-08-09,,合成演示数据
SYN0038,保湿好但是叠涂搓泥，希望解决搭配问题。（合成场景 0038：使用第10天，单次2泵。）,珀莱雅,双抗精华,模拟小红书,2026-08-10,,合成演示数据
SYN0039,价格高，活动后又涨价，日常买不划算。（合成场景 0039：使用第11天，单次3泵。）,珀莱雅,源力精华,模拟京东,2026-08-11,,合成演示数据
SYN0040,泵头按不出，瓶口还漏液，希望改善包装。（合成场景 0040：使用第12天，单次1泵。）,竞品示例,修护精华,模拟抖音,2026-08-12,,合成演示数据
SYN0041,吸收慢，摸起来黏黏的，希望肤感更清爽。（合成场景 0041：使用第13天，单次2泵。）,珀莱雅,红宝石面霜,模拟天猫,2026-08-13,,合成演示数据
SYN0042,油皮用了以后闷痘，鼻翼长了闭口，已经停用。（合成场景 0042：使用第14天，单次3泵。）,珀莱雅,双抗精华,模拟小红书,2026-08-14,,合成演示数据
SYN0043,换季脸还是干燥紧绷，希望保湿更持久。（合成场景 0043：使用第15天，单次1泵。）,珀莱雅,源力精华,模拟京东,2026-08-15,,合成演示数据
SYN0044,泵头按不出，瓶口还漏液，希望改善包装。（合成场景 0044：使用第16天，单次2泵。）,竞品示例,修护精华,模拟抖音,2026-08-16,,合成演示数据
SYN0045,化妆前叠涂防晒会搓泥，想要更容易搭配底妆。（合成场景 0045：使用第17天，单次3泵。）,珀莱雅,红宝石面霜,模拟天猫,2026-08-17,,合成演示数据
SYN0046,化妆前叠涂防晒会搓泥，想要更容易搭配底妆。（合成场景 0046：使用第18天，单次1泵。）,珀莱雅,双抗精华,模拟小红书,2026-08-18,,合成演示数据
SYN0047,价格高，活动后又涨价，日常买不划算。（合成场景 0047：使用第19天，单次2泵。）,珀莱雅,源力精华,模拟京东,2026-08-19,,合成演示数据
SYN0048,化妆前叠涂防晒会搓泥，想要更容易搭配底妆。（合成场景 0048：使用第20天，单次3泵。）,竞品示例,修护精华,模拟抖音,2026-08-20,,合成演示数据
SYN0049,泵头按不出，瓶口还漏液，希望改善包装。（合成场景 0049：使用第21天，单次1泵。）,珀莱雅,红宝石面霜,模拟天猫,2026-08-21,,合成演示数据
SYN0050,泵头按不出，瓶口还漏液，希望改善包装。（合成场景 0050：使用第22天，单次2泵。）,珀莱雅,双抗精华,模拟小红书,2026-08-22,,合成演示数据
SYN0051,敏感肌用着温和，不刺激，没有泛红。（合成场景 0051：使用第23天，单次3泵。）,珀莱雅,源力精华,模拟京东,2026-08-23,,合成演示数据
SYN0052,吸收慢，摸起来黏黏的，希望肤感更清爽。（合成场景 0052：使用第24天，单次1泵。）,竞品示例,修护精华,模拟抖音,2026-08-24,,合成演示数据
SYN0053,上脸烫但不是过敏，晚上用完有些泛红，希望更温和一点。（合成场景 0053：使用第25天，单次2泵。）,珀莱雅,红宝石面霜,模拟天猫,2026-08-25,,合成演示数据
SYN0054,保湿好但是叠涂搓泥，希望解决搭配问题。（合成场景 0054：使用第26天，单次3泵。）,珀莱雅,双抗精华,模拟小红书,2026-08-26,,合成演示数据
SYN0055,用了三周没变化，细纹改善不明显，希望说明见效周期。（合成场景 0055：使用第27天，单次1泵。）,珀莱雅,源力精华,模拟京东,2026-08-27,,合成演示数据
SYN0056,早上用吸收快，肤感清爽，化妆前也好用。（合成场景 0056：使用第28天，单次2泵。）,竞品示例,修护精华,模拟抖音,2026-08-28,,合成演示数据
SYN0057,化妆前叠涂防晒会搓泥，想要更容易搭配底妆。（合成场景 0057：使用第1天，单次3泵。）,珀莱雅,红宝石面霜,模拟天猫,2026-08-01,,合成演示数据
SYN0058,价格高，活动后又涨价，日常买不划算。（合成场景 0058：使用第2天，单次1泵。）,珀莱雅,双抗精华,模拟小红书,2026-08-02,,合成演示数据
SYN0059,化妆前叠涂防晒会搓泥，想要更容易搭配底妆。（合成场景 0059：使用第3天，单次2泵。）,珀莱雅,源力精华,模拟京东,2026-08-03,,合成演示数据
SYN0060,早上用吸收快，肤感清爽，化妆前也好用。（合成场景 0060：使用第4天，单次3泵。）,竞品示例,修护精华,模拟抖音,2026-08-04,,合成演示数据
SYN0061,吸收慢，摸起来黏黏的，希望肤感更清爽。（合成场景 0061：使用第5天，单次1泵。）,珀莱雅,红宝石面霜,模拟天猫,2026-08-05,,合成演示数据
SYN0062,某国货早C晚A太刺激，已经停用，想要低刺激的选择。（合成场景 0062：使用第6天，单次2泵。）,未指明,未指明,模拟小红书,2026-08-06,,合成演示数据
SYN0063,敏感肌用着温和，不刺激，没有泛红。（合成场景 0063：使用第7天，单次3泵。）,珀莱雅,源力精华,模拟京东,2026-08-07,,合成演示数据
SYN0064,泵头按不出，瓶口还漏液，希望改善包装。（合成场景 0064：使用第8天，单次1泵。）,竞品示例,修护精华,模拟抖音,2026-08-08,,合成演示数据
SYN0065,敏感肌用着温和，不刺激，没有泛红。（合成场景 0065：使用第9天，单次2泵。）,珀莱雅,红宝石面霜,模拟天猫,2026-08-09,,合成演示数据
SYN0066,换季脸还是干燥紧绷，希望保湿更持久。（合成场景 0066：使用第10天，单次3泵。）,珀莱雅,双抗精华,模拟小红书,2026-08-10,,合成演示数据
SYN0067,保湿好但是叠涂搓泥，希望解决搭配问题。（合成场景 0067：使用第11天，单次1泵。）,珀莱雅,源力精华,模拟京东,2026-08-11,,合成演示数据
SYN0068,化妆前叠涂防晒会搓泥，想要更容易搭配底妆。（合成场景 0068：使用第12天，单次2泵。）,竞品示例,修护精华,模拟抖音,2026-08-12,,合成演示数据
SYN0069,上脸烫但不是过敏，晚上用完有些泛红，希望更温和一点。（合成场景 0069：使用第13天，单次3泵。）,珀莱雅,红宝石面霜,模拟天猫,2026-08-13,,合成演示数据
SYN0070,某国货早C晚A太刺激，已经停用，想要低刺激的选择。（合成场景 0070：使用第14天，单次1泵。）,未指明,未指明,模拟小红书,2026-08-14,,合成演示数据
SYN0071,换季脸还是干燥紧绷，希望保湿更持久。（合成场景 0071：使用第15天，单次2泵。）,珀莱雅,源力精华,模拟京东,2026-08-15,,合成演示数据
SYN0072,吸收慢，摸起来黏黏的，希望肤感更清爽。（合成场景 0072：使用第16天，单次3泵。）,竞品示例,修护精华,模拟抖音,2026-08-16,,合成演示数据
SYN0073,化妆前叠涂防晒会搓泥，想要更容易搭配底妆。（合成场景 0073：使用第17天，单次1泵。）,珀莱雅,红宝石面霜,模拟天猫,2026-08-17,,合成演示数据
SYN0074,换季脸还是干燥紧绷，希望保湿更持久。（合成场景 0074：使用第18天，单次2泵。）,珀莱雅,双抗精华,模拟小红书,2026-08-18,,合成演示数据
SYN0075,化妆前叠涂防晒会搓泥，想要更容易搭配底妆。（合成场景 0075：使用第19天，单次3泵。）,珀莱雅,源力精华,模拟京东,2026-08-19,,合成演示数据
SYN0076,价格高，活动后又涨价，日常买不划算。（合成场景 0076：使用第20天，单次1泵。）,竞品示例,修护精华,模拟抖音,2026-08-20,,合成演示数据
SYN0077,吸收慢，摸起来黏黏的，希望肤感更清爽。（合成场景 0077：使用第21天，单次2泵。）,珀莱雅,红宝石面霜,模拟天猫,2026-08-21,,合成演示数据
SYN0078,用了三周没变化，细纹改善不明显，希望说明见效周期。（合成场景 0078：使用第22天，单次3泵。）,珀莱雅,双抗精华,模拟小红书,2026-08-22,,合成演示数据
SYN0079,某国货早C晚A太刺激，已经停用，想要低刺激的选择。（合成场景 0079：使用第23天，单次1泵。）,未指明,未指明,模拟京东,2026-08-23,,合成演示数据
SYN0080,泵头按不出，瓶口还漏液，希望改善包装。（合成场景 0080：使用第24天，单次2泵。）,竞品示例,修护精华,模拟抖音,2026-08-24,,合成演示数据
SYN0081,油皮用了以后闷痘，鼻翼长了闭口，已经停用。（合成场景 0081：使用第25天，单次3泵。）,珀莱雅,红宝石面霜,模拟天猫,2026-08-25,,合成演示数据
SYN0082,泵头按不出，瓶口还漏液，希望改善包装。（合成场景 0082：使用第26天，单次1泵。）,珀莱雅,双抗精华,模拟小红书,2026-08-26,,合成演示数据
SYN0083,泵头按不出，瓶口还漏液，希望改善包装。（合成场景 0083：使用第27天，单次2泵。）,珀莱雅,源力精华,模拟京东,2026-08-27,,合成演示数据
SYN0084,换季脸还是干燥紧绷，希望保湿更持久。（合成场景 0084：使用第28天，单次3泵。）,竞品示例,修护精华,模拟抖音,2026-08-28,,合成演示数据
SYN0085,某国货早C晚A太刺激，已经停用，想要低刺激的选择。（合成场景 0085：使用第1天，单次1泵。）,未指明,未指明,模拟天猫,2026-08-01,,合成演示数据
SYN0086,吸收慢，摸起来黏黏的，希望肤感更清爽。（合成场景 0086：使用第2天，单次2泵。）,珀莱雅,双抗精华,模拟小红书,2026-08-02,,合成演示数据
SYN0087,保湿好但是叠涂搓泥，希望解决搭配问题。（合成场景 0087：使用第3天，单次3泵。）,珀莱雅,源力精华,模拟京东,2026-08-03,,合成演示数据
SYN0088,某国货早C晚A太刺激，已经停用，想要低刺激的选择。（合成场景 0088：使用第4天，单次1泵。）,未指明,未指明,模拟抖音,2026-08-04,,合成演示数据
SYN0089,某国货早C晚A太刺激，已经停用，想要低刺激的选择。（合成场景 0089：使用第5天，单次2泵。）,未指明,未指明,模拟天猫,2026-08-05,,合成演示数据
SYN0090,化妆前叠涂防晒会搓泥，想要更容易搭配底妆。（合成场景 0090：使用第6天，单次3泵。）,珀莱雅,双抗精华,模拟小红书,2026-08-06,,合成演示数据
SYN0091,敏感肌用着温和，不刺激，没有泛红。（合成场景 0091：使用第7天，单次1泵。）,珀莱雅,源力精华,模拟京东,2026-08-07,,合成演示数据
SYN0092,某国货早C晚A太刺激，已经停用，想要低刺激的选择。（合成场景 0092：使用第8天，单次2泵。）,未指明,未指明,模拟抖音,2026-08-08,,合成演示数据
SYN0093,油皮用了以后闷痘，鼻翼长了闭口，已经停用。（合成场景 0093：使用第9天，单次3泵。）,珀莱雅,红宝石面霜,模拟天猫,2026-08-09,,合成演示数据
SYN0094,早上用吸收快，肤感清爽，化妆前也好用。（合成场景 0094：使用第10天，单次1泵。）,珀莱雅,双抗精华,模拟小红书,2026-08-10,,合成演示数据
SYN0095,保湿好但是叠涂搓泥，希望解决搭配问题。（合成场景 0095：使用第11天，单次2泵。）,珀莱雅,源力精华,模拟京东,2026-08-11,,合成演示数据
SYN0096,换季脸还是干燥紧绷，希望保湿更持久。（合成场景 0096：使用第12天，单次3泵。）,竞品示例,修护精华,模拟抖音,2026-08-12,,合成演示数据
SYN0097,油皮用了以后闷痘，鼻翼长了闭口，已经停用。（合成场景 0097：使用第13天，单次1泵。）,珀莱雅,红宝石面霜,模拟天猫,2026-08-13,,合成演示数据
SYN0098,用了三周没变化，细纹改善不明显，希望说明见效周期。（合成场景 0098：使用第14天，单次2泵。）,珀莱雅,双抗精华,模拟小红书,2026-08-14,,合成演示数据
SYN0099,价格高，活动后又涨价，日常买不划算。（合成场景 0099：使用第15天，单次3泵。）,珀莱雅,源力精华,模拟京东,2026-08-15,,合成演示数据
SYN0100,吸收慢，摸起来黏黏的，希望肤感更清爽。（合成场景 0100：使用第16天，单次1泵。）,竞品示例,修护精华,模拟抖音,2026-08-16,,合成演示数据
SYN0101,某国货早C晚A太刺激，已经停用，想要低刺激的选择。（合成场景 0101：使用第17天，单次2泵。）,未指明,未指明,模拟天猫,2026-08-17,,合成演示数据
SYN0102,保湿好但是叠涂搓泥，希望解决搭配问题。（合成场景 0102：使用第18天，单次3泵。）,珀莱雅,双抗精华,模拟小红书,2026-08-18,,合成演示数据
SYN0103,早上用吸收快，肤感清爽，化妆前也好用。（合成场景 0103：使用第19天，单次1泵。）,珀莱雅,源力精华,模拟京东,2026-08-19,,合成演示数据
SYN0104,换季脸还是干燥紧绷，希望保湿更持久。（合成场景 0104：使用第20天，单次2泵。）,竞品示例,修护精华,模拟抖音,2026-08-20,,合成演示数据
SYN0105,某国货早C晚A太刺激，已经停用，想要低刺激的选择。（合成场景 0105：使用第21天，单次3泵。）,未指明,未指明,模拟天猫,2026-08-21,,合成演示数据
SYN0106,泵头按不出，瓶口还漏液，希望改善包装。（合成场景 0106：使用第22天，单次1泵。）,珀莱雅,双抗精华,模拟小红书,2026-08-22,,合成演示数据
SYN0107,上脸烫但不是过敏，晚上用完有些泛红，希望更温和一点。（合成场景 0107：使用第23天，单次2泵。）,珀莱雅,源力精华,模拟京东,2026-08-23,,合成演示数据
SYN0108,换季脸还是干燥紧绷，希望保湿更持久。（合成场景 0108：使用第24天，单次3泵。）,竞品示例,修护精华,模拟抖音,2026-08-24,,合成演示数据
SYN0109,上脸烫但不是过敏，晚上用完有些泛红，希望更温和一点。（合成场景 0109：使用第25天，单次1泵。）,珀莱雅,红宝石面霜,模拟天猫,2026-08-25,,合成演示数据
SYN0110,泵头按不出，瓶口还漏液，希望改善包装。（合成场景 0110：使用第26天，单次2泵。）,珀莱雅,双抗精华,模拟小红书,2026-08-26,,合成演示数据
SYN0111,价格高，活动后又涨价，日常买不划算。（合成场景 0111：使用第27天，单次3泵。）,珀莱雅,源力精华,模拟京东,2026-08-27,,合成演示数据
SYN0112,吸收慢，摸起来黏黏的，希望肤感更清爽。（合成场景 0112：使用第28天，单次1泵。）,竞品示例,修护精华,模拟抖音,2026-08-28,,合成演示数据
SYN0113,化妆前叠涂防晒会搓泥，想要更容易搭配底妆。（合成场景 0113：使用第1天，单次2泵。）,珀莱雅,红宝石面霜,模拟天猫,2026-08-01,,合成演示数据
SYN0114,换季脸还是干燥紧绷，希望保湿更持久。（合成场景 0114：使用第2天，单次3泵。）,珀莱雅,双抗精华,模拟小红书,2026-08-02,,合成演示数据
SYN0115,敏感肌用着温和，不刺激，没有泛红。（合成场景 0115：使用第3天，单次1泵。）,珀莱雅,源力精华,模拟京东,2026-08-03,,合成演示数据
SYN0116,保湿好但是叠涂搓泥，希望解决搭配问题。（合成场景 0116：使用第4天，单次2泵。）,竞品示例,修护精华,模拟抖音,2026-08-04,,合成演示数据
SYN0117,泵头按不出，瓶口还漏液，希望改善包装。（合成场景 0117：使用第5天，单次3泵。）,珀莱雅,红宝石面霜,模拟天猫,2026-08-05,,合成演示数据
SYN0118,换季脸还是干燥紧绷，希望保湿更持久。（合成场景 0118：使用第6天，单次1泵。）,珀莱雅,双抗精华,模拟小红书,2026-08-06,,合成演示数据
SYN0119,某国货早C晚A太刺激，已经停用，想要低刺激的选择。（合成场景 0119：使用第7天，单次2泵。）,未指明,未指明,模拟京东,2026-08-07,,合成演示数据
SYN0120,用了三周没变化，细纹改善不明显，希望说明见效周期。（合成场景 0120：使用第8天，单次3泵。）,竞品示例,修护精华,模拟抖音,2026-08-08,,合成演示数据
SYN0121,价格高，活动后又涨价，日常买不划算。（合成场景 0121：使用第9天，单次1泵。）,珀莱雅,红宝石面霜,模拟天猫,2026-08-09,,合成演示数据
SYN0122,某国货早C晚A太刺激，已经停用，想要低刺激的选择。（合成场景 0122：使用第10天，单次2泵。）,未指明,未指明,模拟小红书,2026-08-10,,合成演示数据
SYN0123,用了三周没变化，细纹改善不明显，希望说明见效周期。（合成场景 0123：使用第11天，单次3泵。）,珀莱雅,源力精华,模拟京东,2026-08-11,,合成演示数据
SYN0124,油皮用了以后闷痘，鼻翼长了闭口，已经停用。（合成场景 0124：使用第12天，单次1泵。）,竞品示例,修护精华,模拟抖音,2026-08-12,,合成演示数据
SYN0125,吸收慢，摸起来黏黏的，希望肤感更清爽。（合成场景 0125：使用第13天，单次2泵。）,珀莱雅,红宝石面霜,模拟天猫,2026-08-13,,合成演示数据
SYN0126,油皮用了以后闷痘，鼻翼长了闭口，已经停用。（合成场景 0126：使用第14天，单次3泵。）,珀莱雅,双抗精华,模拟小红书,2026-08-14,,合成演示数据
SYN0127,换季脸还是干燥紧绷，希望保湿更持久。（合成场景 0127：使用第15天，单次1泵。）,珀莱雅,源力精华,模拟京东,2026-08-15,,合成演示数据
SYN0128,保湿好但是叠涂搓泥，希望解决搭配问题。（合成场景 0128：使用第16天，单次2泵。）,竞品示例,修护精华,模拟抖音,2026-08-16,,合成演示数据
SYN0129,早上用吸收快，肤感清爽，化妆前也好用。（合成场景 0129：使用第17天，单次3泵。）,珀莱雅,红宝石面霜,模拟天猫,2026-08-17,,合成演示数据
SYN0130,早上用吸收快，肤感清爽，化妆前也好用。（合成场景 0130：使用第18天，单次1泵。）,珀莱雅,双抗精华,模拟小红书,2026-08-18,,合成演示数据
SYN0131,吸收慢，摸起来黏黏的，希望肤感更清爽。（合成场景 0131：使用第19天，单次2泵。）,珀莱雅,源力精华,模拟京东,2026-08-19,,合成演示数据
SYN0132,保湿好但是叠涂搓泥，希望解决搭配问题。（合成场景 0132：使用第20天，单次3泵。）,竞品示例,修护精华,模拟抖音,2026-08-20,,合成演示数据
SYN0133,敏感肌用着温和，不刺激，没有泛红。（合成场景 0133：使用第21天，单次1泵。）,珀莱雅,红宝石面霜,模拟天猫,2026-08-21,,合成演示数据
SYN0134,价格高，活动后又涨价，日常买不划算。（合成场景 0134：使用第22天，单次2泵。）,珀莱雅,双抗精华,模拟小红书,2026-08-22,,合成演示数据
SYN0135,敏感肌用着温和，不刺激，没有泛红。（合成场景 0135：使用第23天，单次3泵。）,珀莱雅,源力精华,模拟京东,2026-08-23,,合成演示数据
SYN0136,价格高，活动后又涨价，日常买不划算。（合成场景 0136：使用第24天，单次1泵。）,竞品示例,修护精华,模拟抖音,2026-08-24,,合成演示数据
SYN0137,泵头按不出，瓶口还漏液，希望改善包装。（合成场景 0137：使用第25天，单次2泵。）,珀莱雅,红宝石面霜,模拟天猫,2026-08-25,,合成演示数据
SYN0138,换季脸还是干燥紧绷，希望保湿更持久。（合成场景 0138：使用第26天，单次3泵。）,珀莱雅,双抗精华,模拟小红书,2026-08-26,,合成演示数据
SYN0139,油皮用了以后闷痘，鼻翼长了闭口，已经停用。（合成场景 0139：使用第27天，单次1泵。）,珀莱雅,源力精华,模拟京东,2026-08-27,,合成演示数据
SYN0140,早上用吸收快，肤感清爽，化妆前也好用。（合成场景 0140：使用第28天，单次2泵。）,竞品示例,修护精华,模拟抖音,2026-08-28,,合成演示数据
SYN0141,用了三周没变化，细纹改善不明显，希望说明见效周期。（合成场景 0141：使用第1天，单次3泵。）,珀莱雅,红宝石面霜,模拟天猫,2026-08-01,,合成演示数据
SYN0142,化妆前叠涂防晒会搓泥，想要更容易搭配底妆。（合成场景 0142：使用第2天，单次1泵。）,珀莱雅,双抗精华,模拟小红书,2026-08-02,,合成演示数据
SYN0143,上脸烫但不是过敏，晚上用完有些泛红，希望更温和一点。（合成场景 0143：使用第3天，单次2泵。）,珀莱雅,源力精华,模拟京东,2026-08-03,,合成演示数据
SYN0144,化妆前叠涂防晒会搓泥，想要更容易搭配底妆。（合成场景 0144：使用第4天，单次3泵。）,竞品示例,修护精华,模拟抖音,2026-08-04,,合成演示数据
SYN0145,油皮用了以后闷痘，鼻翼长了闭口，已经停用。（合成场景 0145：使用第5天，单次1泵。）,珀莱雅,红宝石面霜,模拟天猫,2026-08-05,,合成演示数据
SYN0146,某国货早C晚A太刺激，已经停用，想要低刺激的选择。（合成场景 0146：使用第6天，单次2泵。）,未指明,未指明,模拟小红书,2026-08-06,,合成演示数据
SYN0147,油皮用了以后闷痘，鼻翼长了闭口，已经停用。（合成场景 0147：使用第7天，单次3泵。）,珀莱雅,源力精华,模拟京东,2026-08-07,,合成演示数据
SYN0148,某国货早C晚A太刺激，已经停用，想要低刺激的选择。（合成场景 0148：使用第8天，单次1泵。）,未指明,未指明,模拟抖音,2026-08-08,,合成演示数据
SYN0149,价格高，活动后又涨价，日常买不划算。（合成场景 0149：使用第9天，单次2泵。）,珀莱雅,红宝石面霜,模拟天猫,2026-08-09,,合成演示数据
SYN0150,敏感肌用着温和，不刺激，没有泛红。（合成场景 0150：使用第10天，单次3泵。）,珀莱雅,双抗精华,模拟小红书,2026-08-10,,合成演示数据
SYN0151,化妆前叠涂防晒会搓泥，想要更容易搭配底妆。（合成场景 0151：使用第11天，单次1泵。）,珀莱雅,源力精华,模拟京东,2026-08-11,,合成演示数据
SYN0152,价格高，活动后又涨价，日常买不划算。（合成场景 0152：使用第12天，单次2泵。）,竞品示例,修护精华,模拟抖音,2026-08-12,,合成演示数据
SYN0153,价格高，活动后又涨价，日常买不划算。（合成场景 0153：使用第13天，单次3泵。）,珀莱雅,红宝石面霜,模拟天猫,2026-08-13,,合成演示数据
SYN0154,敏感肌用着温和，不刺激，没有泛红。（合成场景 0154：使用第14天，单次1泵。）,珀莱雅,双抗精华,模拟小红书,2026-08-14,,合成演示数据
SYN0155,用了三周没变化，细纹改善不明显，希望说明见效周期。（合成场景 0155：使用第15天，单次2泵。）,珀莱雅,源力精华,模拟京东,2026-08-15,,合成演示数据
SYN0156,早上用吸收快，肤感清爽，化妆前也好用。（合成场景 0156：使用第16天，单次3泵。）,竞品示例,修护精华,模拟抖音,2026-08-16,,合成演示数据
SYN0157,吸收慢，摸起来黏黏的，希望肤感更清爽。（合成场景 0157：使用第17天，单次1泵。）,珀莱雅,红宝石面霜,模拟天猫,2026-08-17,,合成演示数据
SYN0158,早上用吸收快，肤感清爽，化妆前也好用。（合成场景 0158：使用第18天，单次2泵。）,珀莱雅,双抗精华,模拟小红书,2026-08-18,,合成演示数据
SYN0159,上脸烫但不是过敏，晚上用完有些泛红，希望更温和一点。（合成场景 0159：使用第19天，单次3泵。）,珀莱雅,源力精华,模拟京东,2026-08-19,,合成演示数据
SYN0160,某国货早C晚A太刺激，已经停用，想要低刺激的选择。（合成场景 0160：使用第20天，单次1泵。）,未指明,未指明,模拟抖音,2026-08-20,,合成演示数据
SYN0161,保湿好但是叠涂搓泥，希望解决搭配问题。（合成场景 0161：使用第21天，单次2泵。）,珀莱雅,红宝石面霜,模拟天猫,2026-08-21,,合成演示数据
SYN0162,化妆前叠涂防晒会搓泥，想要更容易搭配底妆。（合成场景 0162：使用第22天，单次3泵。）,珀莱雅,双抗精华,模拟小红书,2026-08-22,,合成演示数据
SYN0163,某国货早C晚A太刺激，已经停用，想要低刺激的选择。（合成场景 0163：使用第23天，单次1泵。）,未指明,未指明,模拟京东,2026-08-23,,合成演示数据
SYN0164,早上用吸收快，肤感清爽，化妆前也好用。（合成场景 0164：使用第24天，单次2泵。）,竞品示例,修护精华,模拟抖音,2026-08-24,,合成演示数据
SYN0165,吸收慢，摸起来黏黏的，希望肤感更清爽。（合成场景 0165：使用第25天，单次3泵。）,珀莱雅,红宝石面霜,模拟天猫,2026-08-25,,合成演示数据
SYN0166,某国货早C晚A太刺激，已经停用，想要低刺激的选择。（合成场景 0166：使用第26天，单次1泵。）,未指明,未指明,模拟小红书,2026-08-26,,合成演示数据
SYN0167,泵头按不出，瓶口还漏液，希望改善包装。（合成场景 0167：使用第27天，单次2泵。）,珀莱雅,源力精华,模拟京东,2026-08-27,,合成演示数据
SYN0168,化妆前叠涂防晒会搓泥，想要更容易搭配底妆。（合成场景 0168：使用第28天，单次3泵。）,竞品示例,修护精华,模拟抖音,2026-08-28,,合成演示数据
SYN0169,吸收慢，摸起来黏黏的，希望肤感更清爽。（合成场景 0169：使用第1天，单次1泵。）,珀莱雅,红宝石面霜,模拟天猫,2026-08-01,,合成演示数据
SYN0170,价格高，活动后又涨价，日常买不划算。（合成场景 0170：使用第2天，单次2泵。）,珀莱雅,双抗精华,模拟小红书,2026-08-02,,合成演示数据
SYN0171,油皮用了以后闷痘，鼻翼长了闭口，已经停用。（合成场景 0171：使用第3天，单次3泵。）,珀莱雅,源力精华,模拟京东,2026-08-03,,合成演示数据
SYN0172,用了三周没变化，细纹改善不明显，希望说明见效周期。（合成场景 0172：使用第4天，单次1泵。）,竞品示例,修护精华,模拟抖音,2026-08-04,,合成演示数据
SYN0173,上脸烫但不是过敏，晚上用完有些泛红，希望更温和一点。（合成场景 0173：使用第5天，单次2泵。）,珀莱雅,红宝石面霜,模拟天猫,2026-08-05,,合成演示数据
SYN0174,保湿好但是叠涂搓泥，希望解决搭配问题。（合成场景 0174：使用第6天，单次3泵。）,珀莱雅,双抗精华,模拟小红书,2026-08-06,,合成演示数据
SYN0175,保湿好但是叠涂搓泥，希望解决搭配问题。（合成场景 0175：使用第7天，单次1泵。）,珀莱雅,源力精华,模拟京东,2026-08-07,,合成演示数据
SYN0176,吸收慢，摸起来黏黏的，希望肤感更清爽。（合成场景 0176：使用第8天，单次2泵。）,竞品示例,修护精华,模拟抖音,2026-08-08,,合成演示数据
SYN0177,早上用吸收快，肤感清爽，化妆前也好用。（合成场景 0177：使用第9天，单次3泵。）,珀莱雅,红宝石面霜,模拟天猫,2026-08-09,,合成演示数据
SYN0178,油皮用了以后闷痘，鼻翼长了闭口，已经停用。（合成场景 0178：使用第10天，单次1泵。）,珀莱雅,双抗精华,模拟小红书,2026-08-10,,合成演示数据
SYN0179,早上用吸收快，肤感清爽，化妆前也好用。（合成场景 0179：使用第11天，单次2泵。）,珀莱雅,源力精华,模拟京东,2026-08-11,,合成演示数据
SYN0180,化妆前叠涂防晒会搓泥，想要更容易搭配底妆。（合成场景 0180：使用第12天，单次3泵。）,竞品示例,修护精华,模拟抖音,2026-08-12,,合成演示数据
SYN0181,某国货早C晚A太刺激，已经停用，想要低刺激的选择。（合成场景 0181：使用第13天，单次1泵。）,未指明,未指明,模拟天猫,2026-08-13,,合成演示数据
SYN0182,吸收慢，摸起来黏黏的，希望肤感更清爽。（合成场景 0182：使用第14天，单次2泵。）,珀莱雅,双抗精华,模拟小红书,2026-08-14,,合成演示数据
SYN0183,某国货早C晚A太刺激，已经停用，想要低刺激的选择。（合成场景 0183：使用第15天，单次3泵。）,未指明,未指明,模拟京东,2026-08-15,,合成演示数据
SYN0184,早上用吸收快，肤感清爽，化妆前也好用。（合成场景 0184：使用第16天，单次1泵。）,竞品示例,修护精华,模拟抖音,2026-08-16,,合成演示数据
SYN0185,敏感肌用着温和，不刺激，没有泛红。（合成场景 0185：使用第17天，单次2泵。）,珀莱雅,红宝石面霜,模拟天猫,2026-08-17,,合成演示数据
SYN0186,换季脸还是干燥紧绷，希望保湿更持久。（合成场景 0186：使用第18天，单次3泵。）,珀莱雅,双抗精华,模拟小红书,2026-08-18,,合成演示数据
SYN0187,油皮用了以后闷痘，鼻翼长了闭口，已经停用。（合成场景 0187：使用第19天，单次1泵。）,珀莱雅,源力精华,模拟京东,2026-08-19,,合成演示数据
SYN0188,泵头按不出，瓶口还漏液，希望改善包装。（合成场景 0188：使用第20天，单次2泵。）,竞品示例,修护精华,模拟抖音,2026-08-20,,合成演示数据
SYN0189,油皮用了以后闷痘，鼻翼长了闭口，已经停用。（合成场景 0189：使用第21天，单次3泵。）,珀莱雅,红宝石面霜,模拟天猫,2026-08-21,,合成演示数据
SYN0190,早上用吸收快，肤感清爽，化妆前也好用。（合成场景 0190：使用第22天，单次1泵。）,珀莱雅,双抗精华,模拟小红书,2026-08-22,,合成演示数据
SYN0191,早上用吸收快，肤感清爽，化妆前也好用。（合成场景 0191：使用第23天，单次2泵。）,珀莱雅,源力精华,模拟京东,2026-08-23,,合成演示数据
SYN0192,上脸烫但不是过敏，晚上用完有些泛红，希望更温和一点。（合成场景 0192：使用第24天，单次3泵。）,竞品示例,修护精华,模拟抖音,2026-08-24,,合成演示数据
SYN0193,敏感肌用着温和，不刺激，没有泛红。（合成场景 0193：使用第25天，单次1泵。）,珀莱雅,红宝石面霜,模拟天猫,2026-08-25,,合成演示数据
SYN0194,泵头按不出，瓶口还漏液，希望改善包装。（合成场景 0194：使用第26天，单次2泵。）,珀莱雅,双抗精华,模拟小红书,2026-08-26,,合成演示数据
SYN0195,用了三周没变化，细纹改善不明显，希望说明见效周期。（合成场景 0195：使用第27天，单次3泵。）,珀莱雅,源力精华,模拟京东,2026-08-27,,合成演示数据
SYN0196,上脸烫但不是过敏，晚上用完有些泛红，希望更温和一点。（合成场景 0196：使用第28天，单次1泵。）,竞品示例,修护精华,模拟抖音,2026-08-28,,合成演示数据
SYN0197,化妆前叠涂防晒会搓泥，想要更容易搭配底妆。（合成场景 0197：使用第1天，单次2泵。）,珀莱雅,红宝石面霜,模拟天猫,2026-08-01,,合成演示数据
SYN0198,泵头按不出，瓶口还漏液，希望改善包装。（合成场景 0198：使用第2天，单次3泵。）,珀莱雅,双抗精华,模拟小红书,2026-08-02,,合成演示数据
SYN0199,吸收慢，摸起来黏黏的，希望肤感更清爽。（合成场景 0199：使用第3天，单次1泵。）,珀莱雅,源力精华,模拟京东,2026-08-03,,合成演示数据
SYN0200,换季脸还是干燥紧绷，希望保湿更持久。（合成场景 0200：使用第4天，单次2泵。）,竞品示例,修护精华,模拟抖音,2026-08-04,,合成演示数据
SYN0201,上脸烫但不是过敏，晚上用完有些泛红，希望更温和一点。（合成场景 0201：使用第5天，单次3泵。）,珀莱雅,红宝石面霜,模拟天猫,2026-08-05,,合成演示数据
SYN0202,换季脸还是干燥紧绷，希望保湿更持久。（合成场景 0202：使用第6天，单次1泵。）,珀莱雅,双抗精华,模拟小红书,2026-08-06,,合成演示数据
SYN0203,敏感肌用着温和，不刺激，没有泛红。（合成场景 0203：使用第7天，单次2泵。）,珀莱雅,源力精华,模拟京东,2026-08-07,,合成演示数据
SYN0204,化妆前叠涂防晒会搓泥，想要更容易搭配底妆。（合成场景 0204：使用第8天，单次3泵。）,竞品示例,修护精华,模拟抖音,2026-08-08,,合成演示数据
SYN0205,化妆前叠涂防晒会搓泥，想要更容易搭配底妆。（合成场景 0205：使用第9天，单次1泵。）,珀莱雅,红宝石面霜,模拟天猫,2026-08-09,,合成演示数据
SYN0206,保湿好但是叠涂搓泥，希望解决搭配问题。（合成场景 0206：使用第10天，单次2泵。）,珀莱雅,双抗精华,模拟小红书,2026-08-10,,合成演示数据
SYN0207,用了三周没变化，细纹改善不明显，希望说明见效周期。（合成场景 0207：使用第11天，单次3泵。）,珀莱雅,源力精华,模拟京东,2026-08-11,,合成演示数据
SYN0208,化妆前叠涂防晒会搓泥，想要更容易搭配底妆。（合成场景 0208：使用第12天，单次1泵。）,竞品示例,修护精华,模拟抖音,2026-08-12,,合成演示数据
SYN0209,早上用吸收快，肤感清爽，化妆前也好用。（合成场景 0209：使用第13天，单次2泵。）,珀莱雅,红宝石面霜,模拟天猫,2026-08-13,,合成演示数据
SYN0210,油皮用了以后闷痘，鼻翼长了闭口，已经停用。（合成场景 0210：使用第14天，单次3泵。）,珀莱雅,双抗精华,模拟小红书,2026-08-14,,合成演示数据
SYN0211,油皮用了以后闷痘，鼻翼长了闭口，已经停用。（合成场景 0211：使用第15天，单次1泵。）,珀莱雅,源力精华,模拟京东,2026-08-15,,合成演示数据
SYN0212,某国货早C晚A太刺激，已经停用，想要低刺激的选择。（合成场景 0212：使用第16天，单次2泵。）,未指明,未指明,模拟抖音,2026-08-16,,合成演示数据
SYN0213,用了三周没变化，细纹改善不明显，希望说明见效周期。（合成场景 0213：使用第17天，单次3泵。）,珀莱雅,红宝石面霜,模拟天猫,2026-08-17,,合成演示数据
SYN0214,早上用吸收快，肤感清爽，化妆前也好用。（合成场景 0214：使用第18天，单次1泵。）,珀莱雅,双抗精华,模拟小红书,2026-08-18,,合成演示数据
SYN0215,油皮用了以后闷痘，鼻翼长了闭口，已经停用。（合成场景 0215：使用第19天，单次2泵。）,珀莱雅,源力精华,模拟京东,2026-08-19,,合成演示数据
SYN0216,吸收慢，摸起来黏黏的，希望肤感更清爽。（合成场景 0216：使用第20天，单次3泵。）,竞品示例,修护精华,模拟抖音,2026-08-20,,合成演示数据
SYN0217,早上用吸收快，肤感清爽，化妆前也好用。（合成场景 0217：使用第21天，单次1泵。）,珀莱雅,红宝石面霜,模拟天猫,2026-08-21,,合成演示数据
SYN0218,敏感肌用着温和，不刺激，没有泛红。（合成场景 0218：使用第22天，单次2泵。）,珀莱雅,双抗精华,模拟小红书,2026-08-22,,合成演示数据
SYN0219,价格高，活动后又涨价，日常买不划算。（合成场景 0219：使用第23天，单次3泵。）,珀莱雅,源力精华,模拟京东,2026-08-23,,合成演示数据
SYN0220,换季脸还是干燥紧绷，希望保湿更持久。（合成场景 0220：使用第24天，单次1泵。）,竞品示例,修护精华,模拟抖音,2026-08-24,,合成演示数据
SYN0221,早上用吸收快，肤感清爽，化妆前也好用。（合成场景 0221：使用第25天，单次2泵。）,珀莱雅,红宝石面霜,模拟天猫,2026-08-25,,合成演示数据
SYN0222,保湿好但是叠涂搓泥，希望解决搭配问题。（合成场景 0222：使用第26天，单次3泵。）,珀莱雅,双抗精华,模拟小红书,2026-08-26,,合成演示数据
SYN0223,保湿好但是叠涂搓泥，希望解决搭配问题。（合成场景 0223：使用第27天，单次1泵。）,珀莱雅,源力精华,模拟京东,2026-08-27,,合成演示数据
SYN0224,换季脸还是干燥紧绷，希望保湿更持久。（合成场景 0224：使用第28天，单次2泵。）,竞品示例,修护精华,模拟抖音,2026-08-28,,合成演示数据
SYN0225,保湿好但是叠涂搓泥，希望解决搭配问题。（合成场景 0225：使用第1天，单次3泵。）,珀莱雅,红宝石面霜,模拟天猫,2026-08-01,,合成演示数据
SYN0226,吸收慢，摸起来黏黏的，希望肤感更清爽。（合成场景 0226：使用第2天，单次1泵。）,珀莱雅,双抗精华,模拟小红书,2026-08-02,,合成演示数据
SYN0227,价格高，活动后又涨价，日常买不划算。（合成场景 0227：使用第3天，单次2泵。）,珀莱雅,源力精华,模拟京东,2026-08-03,,合成演示数据
SYN0228,某国货早C晚A太刺激，已经停用，想要低刺激的选择。（合成场景 0228：使用第4天，单次3泵。）,未指明,未指明,模拟抖音,2026-08-04,,合成演示数据
SYN0229,某国货早C晚A太刺激，已经停用，想要低刺激的选择。（合成场景 0229：使用第5天，单次1泵。）,未指明,未指明,模拟天猫,2026-08-05,,合成演示数据
SYN0230,泵头按不出，瓶口还漏液，希望改善包装。（合成场景 0230：使用第6天，单次2泵。）,珀莱雅,双抗精华,模拟小红书,2026-08-06,,合成演示数据
SYN0231,用了三周没变化，细纹改善不明显，希望说明见效周期。（合成场景 0231：使用第7天，单次3泵。）,珀莱雅,源力精华,模拟京东,2026-08-07,,合成演示数据
SYN0232,早上用吸收快，肤感清爽，化妆前也好用。（合成场景 0232：使用第8天，单次1泵。）,竞品示例,修护精华,模拟抖音,2026-08-08,,合成演示数据
SYN0233,用了三周没变化，细纹改善不明显，希望说明见效周期。（合成场景 0233：使用第9天，单次2泵。）,珀莱雅,红宝石面霜,模拟天猫,2026-08-09,,合成演示数据
SYN0234,化妆前叠涂防晒会搓泥，想要更容易搭配底妆。（合成场景 0234：使用第10天，单次3泵。）,珀莱雅,双抗精华,模拟小红书,2026-08-10,,合成演示数据
SYN0235,换季脸还是干燥紧绷，希望保湿更持久。（合成场景 0235：使用第11天，单次1泵。）,珀莱雅,源力精华,模拟京东,2026-08-11,,合成演示数据
SYN0236,换季脸还是干燥紧绷，希望保湿更持久。（合成场景 0236：使用第12天，单次2泵。）,竞品示例,修护精华,模拟抖音,2026-08-12,,合成演示数据
SYN0237,化妆前叠涂防晒会搓泥，想要更容易搭配底妆。（合成场景 0237：使用第13天，单次3泵。）,珀莱雅,红宝石面霜,模拟天猫,2026-08-13,,合成演示数据
SYN0238,泵头按不出，瓶口还漏液，希望改善包装。（合成场景 0238：使用第14天，单次1泵。）,珀莱雅,双抗精华,模拟小红书,2026-08-14,,合成演示数据
SYN0239,上脸烫但不是过敏，晚上用完有些泛红，希望更温和一点。（合成场景 0239：使用第15天，单次2泵。）,珀莱雅,源力精华,模拟京东,2026-08-15,,合成演示数据
SYN0240,敏感肌用着温和，不刺激，没有泛红。（合成场景 0240：使用第16天，单次3泵。）,竞品示例,修护精华,模拟抖音,2026-08-16,,合成演示数据
SYN0241,早上用吸收快，肤感清爽，化妆前也好用。（合成场景 0241：使用第17天，单次1泵。）,珀莱雅,红宝石面霜,模拟天猫,2026-08-17,,合成演示数据
SYN0242,换季脸还是干燥紧绷，希望保湿更持久。（合成场景 0242：使用第18天，单次2泵。）,珀莱雅,双抗精华,模拟小红书,2026-08-18,,合成演示数据
SYN0243,敏感肌用着温和，不刺激，没有泛红。（合成场景 0243：使用第19天，单次3泵。）,珀莱雅,源力精华,模拟京东,2026-08-19,,合成演示数据
SYN0244,换季脸还是干燥紧绷，希望保湿更持久。（合成场景 0244：使用第20天，单次1泵。）,竞品示例,修护精华,模拟抖音,2026-08-20,,合成演示数据
SYN0245,上脸烫但不是过敏，晚上用完有些泛红，希望更温和一点。（合成场景 0245：使用第21天，单次2泵。）,珀莱雅,红宝石面霜,模拟天猫,2026-08-21,,合成演示数据
SYN0246,化妆前叠涂防晒会搓泥，想要更容易搭配底妆。（合成场景 0246：使用第22天，单次3泵。）,珀莱雅,双抗精华,模拟小红书,2026-08-22,,合成演示数据
SYN0247,保湿好但是叠涂搓泥，希望解决搭配问题。（合成场景 0247：使用第23天，单次1泵。）,珀莱雅,源力精华,模拟京东,2026-08-23,,合成演示数据
SYN0248,某国货早C晚A太刺激，已经停用，想要低刺激的选择。（合成场景 0248：使用第24天，单次2泵。）,未指明,未指明,模拟抖音,2026-08-24,,合成演示数据
SYN0249,上脸烫但不是过敏，晚上用完有些泛红，希望更温和一点。（合成场景 0249：使用第25天，单次3泵。）,珀莱雅,红宝石面霜,模拟天猫,2026-08-25,,合成演示数据
SYN0250,换季脸还是干燥紧绷，希望保湿更持久。（合成场景 0250：使用第26天，单次1泵。）,珀莱雅,双抗精华,模拟小红书,2026-08-26,,合成演示数据
SYN0251,化妆前叠涂防晒会搓泥，想要更容易搭配底妆。（合成场景 0251：使用第27天，单次2泵。）,珀莱雅,源力精华,模拟京东,2026-08-27,,合成演示数据
SYN0252,上脸烫但不是过敏，晚上用完有些泛红，希望更温和一点。（合成场景 0252：使用第28天，单次3泵。）,竞品示例,修护精华,模拟抖音,2026-08-28,,合成演示数据
SYN0253,泵头按不出，瓶口还漏液，希望改善包装。（合成场景 0253：使用第1天，单次1泵。）,珀莱雅,红宝石面霜,模拟天猫,2026-08-01,,合成演示数据
SYN0254,化妆前叠涂防晒会搓泥，想要更容易搭配底妆。（合成场景 0254：使用第2天，单次2泵。）,珀莱雅,双抗精华,模拟小红书,2026-08-02,,合成演示数据
SYN0255,早上用吸收快，肤感清爽，化妆前也好用。（合成场景 0255：使用第3天，单次3泵。）,珀莱雅,源力精华,模拟京东,2026-08-03,,合成演示数据
SYN0256,换季脸还是干燥紧绷，希望保湿更持久。（合成场景 0256：使用第4天，单次1泵。）,竞品示例,修护精华,模拟抖音,2026-08-04,,合成演示数据
SYN0257,吸收慢，摸起来黏黏的，希望肤感更清爽。（合成场景 0257：使用第5天，单次2泵。）,珀莱雅,红宝石面霜,模拟天猫,2026-08-05,,合成演示数据
SYN0258,某国货早C晚A太刺激，已经停用，想要低刺激的选择。（合成场景 0258：使用第6天，单次3泵。）,未指明,未指明,模拟小红书,2026-08-06,,合成演示数据
SYN0259,用了三周没变化，细纹改善不明显，希望说明见效周期。（合成场景 0259：使用第7天，单次1泵。）,珀莱雅,源力精华,模拟京东,2026-08-07,,合成演示数据
SYN0260,换季脸还是干燥紧绷，希望保湿更持久。（合成场景 0260：使用第8天，单次2泵。）,竞品示例,修护精华,模拟抖音,2026-08-08,,合成演示数据
SYN0261,早上用吸收快，肤感清爽，化妆前也好用。（合成场景 0261：使用第9天，单次3泵。）,珀莱雅,红宝石面霜,模拟天猫,2026-08-09,,合成演示数据
SYN0262,油皮用了以后闷痘，鼻翼长了闭口，已经停用。（合成场景 0262：使用第10天，单次1泵。）,珀莱雅,双抗精华,模拟小红书,2026-08-10,,合成演示数据
SYN0263,保湿好但是叠涂搓泥，希望解决搭配问题。（合成场景 0263：使用第11天，单次2泵。）,珀莱雅,源力精华,模拟京东,2026-08-11,,合成演示数据
SYN0264,敏感肌用着温和，不刺激，没有泛红。（合成场景 0264：使用第12天，单次3泵。）,竞品示例,修护精华,模拟抖音,2026-08-12,,合成演示数据
SYN0265,敏感肌用着温和，不刺激，没有泛红。（合成场景 0265：使用第13天，单次1泵。）,珀莱雅,红宝石面霜,模拟天猫,2026-08-13,,合成演示数据
SYN0266,用了三周没变化，细纹改善不明显，希望说明见效周期。（合成场景 0266：使用第14天，单次2泵。）,珀莱雅,双抗精华,模拟小红书,2026-08-14,,合成演示数据
SYN0267,换季脸还是干燥紧绷，希望保湿更持久。（合成场景 0267：使用第15天，单次3泵。）,珀莱雅,源力精华,模拟京东,2026-08-15,,合成演示数据
SYN0268,用了三周没变化，细纹改善不明显，希望说明见效周期。（合成场景 0268：使用第16天，单次1泵。）,竞品示例,修护精华,模拟抖音,2026-08-16,,合成演示数据
SYN0269,价格高，活动后又涨价，日常买不划算。（合成场景 0269：使用第17天，单次2泵。）,珀莱雅,红宝石面霜,模拟天猫,2026-08-17,,合成演示数据
SYN0270,换季脸还是干燥紧绷，希望保湿更持久。（合成场景 0270：使用第18天，单次3泵。）,珀莱雅,双抗精华,模拟小红书,2026-08-18,,合成演示数据
SYN0271,化妆前叠涂防晒会搓泥，想要更容易搭配底妆。（合成场景 0271：使用第19天，单次1泵。）,珀莱雅,源力精华,模拟京东,2026-08-19,,合成演示数据
SYN0272,化妆前叠涂防晒会搓泥，想要更容易搭配底妆。（合成场景 0272：使用第20天，单次2泵。）,竞品示例,修护精华,模拟抖音,2026-08-20,,合成演示数据
SYN0273,某国货早C晚A太刺激，已经停用，想要低刺激的选择。（合成场景 0273：使用第21天，单次3泵。）,未指明,未指明,模拟天猫,2026-08-21,,合成演示数据
SYN0274,价格高，活动后又涨价，日常买不划算。（合成场景 0274：使用第22天，单次1泵。）,珀莱雅,双抗精华,模拟小红书,2026-08-22,,合成演示数据
SYN0275,泵头按不出，瓶口还漏液，希望改善包装。（合成场景 0275：使用第23天，单次2泵。）,珀莱雅,源力精华,模拟京东,2026-08-23,,合成演示数据
SYN0276,价格高，活动后又涨价，日常买不划算。（合成场景 0276：使用第24天，单次3泵。）,竞品示例,修护精华,模拟抖音,2026-08-24,,合成演示数据
SYN0277,价格高，活动后又涨价，日常买不划算。（合成场景 0277：使用第25天，单次1泵。）,珀莱雅,红宝石面霜,模拟天猫,2026-08-25,,合成演示数据
SYN0278,用了三周没变化，细纹改善不明显，希望说明见效周期。（合成场景 0278：使用第26天，单次2泵。）,珀莱雅,双抗精华,模拟小红书,2026-08-26,,合成演示数据
SYN0279,保湿好但是叠涂搓泥，希望解决搭配问题。（合成场景 0279：使用第27天，单次3泵。）,珀莱雅,源力精华,模拟京东,2026-08-27,,合成演示数据
SYN0280,上脸烫但不是过敏，晚上用完有些泛红，希望更温和一点。（合成场景 0280：使用第28天，单次1泵。）,竞品示例,修护精华,模拟抖音,2026-08-28,,合成演示数据
SYN0281,某国货早C晚A太刺激，已经停用，想要低刺激的选择。（合成场景 0281：使用第1天，单次2泵。）,未指明,未指明,模拟天猫,2026-08-01,,合成演示数据
SYN0282,某国货早C晚A太刺激，已经停用，想要低刺激的选择。（合成场景 0282：使用第2天，单次3泵。）,未指明,未指明,模拟小红书,2026-08-02,,合成演示数据
SYN0283,某国货早C晚A太刺激，已经停用，想要低刺激的选择。（合成场景 0283：使用第3天，单次1泵。）,未指明,未指明,模拟京东,2026-08-03,,合成演示数据
SYN0284,化妆前叠涂防晒会搓泥，想要更容易搭配底妆。（合成场景 0284：使用第4天，单次2泵。）,竞品示例,修护精华,模拟抖音,2026-08-04,,合成演示数据
SYN0285,上脸烫但不是过敏，晚上用完有些泛红，希望更温和一点。（合成场景 0285：使用第5天，单次3泵。）,珀莱雅,红宝石面霜,模拟天猫,2026-08-05,,合成演示数据
SYN0286,价格高，活动后又涨价，日常买不划算。（合成场景 0286：使用第6天，单次1泵。）,珀莱雅,双抗精华,模拟小红书,2026-08-06,,合成演示数据
SYN0287,保湿好但是叠涂搓泥，希望解决搭配问题。（合成场景 0287：使用第7天，单次2泵。）,珀莱雅,源力精华,模拟京东,2026-08-07,,合成演示数据
SYN0288,泵头按不出，瓶口还漏液，希望改善包装。（合成场景 0288：使用第8天，单次3泵。）,竞品示例,修护精华,模拟抖音,2026-08-08,,合成演示数据
SYN0289,化妆前叠涂防晒会搓泥，想要更容易搭配底妆。（合成场景 0289：使用第9天，单次1泵。）,珀莱雅,红宝石面霜,模拟天猫,2026-08-09,,合成演示数据
SYN0290,换季脸还是干燥紧绷，希望保湿更持久。（合成场景 0290：使用第10天，单次2泵。）,珀莱雅,双抗精华,模拟小红书,2026-08-10,,合成演示数据
SYN0291,换季脸还是干燥紧绷，希望保湿更持久。（合成场景 0291：使用第11天，单次3泵。）,珀莱雅,源力精华,模拟京东,2026-08-11,,合成演示数据
SYN0292,换季脸还是干燥紧绷，希望保湿更持久。（合成场景 0292：使用第12天，单次1泵。）,竞品示例,修护精华,模拟抖音,2026-08-12,,合成演示数据
SYN0293,早上用吸收快，肤感清爽，化妆前也好用。（合成场景 0293：使用第13天，单次2泵。）,珀莱雅,红宝石面霜,模拟天猫,2026-08-13,,合成演示数据
SYN0294,用了三周没变化，细纹改善不明显，希望说明见效周期。（合成场景 0294：使用第14天，单次3泵。）,珀莱雅,双抗精华,模拟小红书,2026-08-14,,合成演示数据
SYN0295,油皮用了以后闷痘，鼻翼长了闭口，已经停用。（合成场景 0295：使用第15天，单次1泵。）,珀莱雅,源力精华,模拟京东,2026-08-15,,合成演示数据
SYN0296,价格高，活动后又涨价，日常买不划算。（合成场景 0296：使用第16天，单次2泵。）,竞品示例,修护精华,模拟抖音,2026-08-16,,合成演示数据
SYN0297,油皮用了以后闷痘，鼻翼长了闭口，已经停用。（合成场景 0297：使用第17天，单次3泵。）,珀莱雅,红宝石面霜,模拟天猫,2026-08-17,,合成演示数据
SYN0298,吸收慢，摸起来黏黏的，希望肤感更清爽。（合成场景 0298：使用第18天，单次1泵。）,珀莱雅,双抗精华,模拟小红书,2026-08-18,,合成演示数据
SYN0299,用了三周没变化，细纹改善不明显，希望说明见效周期。（合成场景 0299：使用第19天，单次2泵。）,珀莱雅,源力精华,模拟京东,2026-08-19,,合成演示数据
SYN0300,换季脸还是干燥紧绷，希望保湿更持久。（合成场景 0300：使用第20天，单次3泵。）,竞品示例,修护精华,模拟抖音,2026-08-20,,合成演示数据
SYN0301,化妆前叠涂防晒会搓泥，想要更容易搭配底妆。（合成场景 0301：使用第21天，单次1泵。）,珀莱雅,红宝石面霜,模拟天猫,2026-08-21,,合成演示数据
SYN0302,用了三周没变化，细纹改善不明显，希望说明见效周期。（合成场景 0302：使用第22天，单次2泵。）,珀莱雅,双抗精华,模拟小红书,2026-08-22,,合成演示数据
SYN0303,早上用吸收快，肤感清爽，化妆前也好用。（合成场景 0303：使用第23天，单次3泵。）,珀莱雅,源力精华,模拟京东,2026-08-23,,合成演示数据
SYN0304,化妆前叠涂防晒会搓泥，想要更容易搭配底妆。（合成场景 0304：使用第24天，单次1泵。）,竞品示例,修护精华,模拟抖音,2026-08-24,,合成演示数据
SYN0305,上脸烫但不是过敏，晚上用完有些泛红，希望更温和一点。（合成场景 0305：使用第25天，单次2泵。）,珀莱雅,红宝石面霜,模拟天猫,2026-08-25,,合成演示数据
SYN0306,某国货早C晚A太刺激，已经停用，想要低刺激的选择。（合成场景 0306：使用第26天，单次3泵。）,未指明,未指明,模拟小红书,2026-08-26,,合成演示数据
SYN0307,早上用吸收快，肤感清爽，化妆前也好用。（合成场景 0307：使用第27天，单次1泵。）,珀莱雅,源力精华,模拟京东,2026-08-27,,合成演示数据
SYN0308,上脸烫但不是过敏，晚上用完有些泛红，希望更温和一点。（合成场景 0308：使用第28天，单次2泵。）,竞品示例,修护精华,模拟抖音,2026-08-28,,合成演示数据
SYN0309,化妆前叠涂防晒会搓泥，想要更容易搭配底妆。（合成场景 0309：使用第1天，单次3泵。）,珀莱雅,红宝石面霜,模拟天猫,2026-08-01,,合成演示数据
SYN0310,换季脸还是干燥紧绷，希望保湿更持久。（合成场景 0310：使用第2天，单次1泵。）,珀莱雅,双抗精华,模拟小红书,2026-08-02,,合成演示数据
SYN0311,油皮用了以后闷痘，鼻翼长了闭口，已经停用。（合成场景 0311：使用第3天，单次2泵。）,珀莱雅,源力精华,模拟京东,2026-08-03,,合成演示数据
SYN0312,价格高，活动后又涨价，日常买不划算。（合成场景 0312：使用第4天，单次3泵。）,竞品示例,修护精华,模拟抖音,2026-08-04,,合成演示数据
SYN0313,用了三周没变化，细纹改善不明显，希望说明见效周期。（合成场景 0313：使用第5天，单次1泵。）,珀莱雅,红宝石面霜,模拟天猫,2026-08-05,,合成演示数据
SYN0314,用了三周没变化，细纹改善不明显，希望说明见效周期。（合成场景 0314：使用第6天，单次2泵。）,珀莱雅,双抗精华,模拟小红书,2026-08-06,,合成演示数据
SYN0315,换季脸还是干燥紧绷，希望保湿更持久。（合成场景 0315：使用第7天，单次3泵。）,珀莱雅,源力精华,模拟京东,2026-08-07,,合成演示数据
SYN0316,价格高，活动后又涨价，日常买不划算。（合成场景 0316：使用第8天，单次1泵。）,竞品示例,修护精华,模拟抖音,2026-08-08,,合成演示数据
SYN0317,上脸烫但不是过敏，晚上用完有些泛红，希望更温和一点。（合成场景 0317：使用第9天，单次2泵。）,珀莱雅,红宝石面霜,模拟天猫,2026-08-09,,合成演示数据
SYN0318,油皮用了以后闷痘，鼻翼长了闭口，已经停用。（合成场景 0318：使用第10天，单次3泵。）,珀莱雅,双抗精华,模拟小红书,2026-08-10,,合成演示数据
SYN0319,价格高，活动后又涨价，日常买不划算。（合成场景 0319：使用第11天，单次1泵。）,珀莱雅,源力精华,模拟京东,2026-08-11,,合成演示数据
SYN0320,上脸烫但不是过敏，晚上用完有些泛红，希望更温和一点。（合成场景 0320：使用第12天，单次2泵。）,竞品示例,修护精华,模拟抖音,2026-08-12,,合成演示数据
SYN0321,价格高，活动后又涨价，日常买不划算。（合成场景 0321：使用第13天，单次3泵。）,珀莱雅,红宝石面霜,模拟天猫,2026-08-13,,合成演示数据
SYN0322,吸收慢，摸起来黏黏的，希望肤感更清爽。（合成场景 0322：使用第14天，单次1泵。）,珀莱雅,双抗精华,模拟小红书,2026-08-14,,合成演示数据
SYN0323,用了三周没变化，细纹改善不明显，希望说明见效周期。（合成场景 0323：使用第15天，单次2泵。）,珀莱雅,源力精华,模拟京东,2026-08-15,,合成演示数据
SYN0324,吸收慢，摸起来黏黏的，希望肤感更清爽。（合成场景 0324：使用第16天，单次3泵。）,竞品示例,修护精华,模拟抖音,2026-08-16,,合成演示数据
SYN0325,价格高，活动后又涨价，日常买不划算。（合成场景 0325：使用第17天，单次1泵。）,珀莱雅,红宝石面霜,模拟天猫,2026-08-17,,合成演示数据
SYN0326,保湿好但是叠涂搓泥，希望解决搭配问题。（合成场景 0326：使用第18天，单次2泵。）,珀莱雅,双抗精华,模拟小红书,2026-08-18,,合成演示数据
SYN0327,保湿好但是叠涂搓泥，希望解决搭配问题。（合成场景 0327：使用第19天，单次3泵。）,珀莱雅,源力精华,模拟京东,2026-08-19,,合成演示数据
SYN0328,早上用吸收快，肤感清爽，化妆前也好用。（合成场景 0328：使用第20天，单次1泵。）,竞品示例,修护精华,模拟抖音,2026-08-20,,合成演示数据
SYN0329,某国货早C晚A太刺激，已经停用，想要低刺激的选择。（合成场景 0329：使用第21天，单次2泵。）,未指明,未指明,模拟天猫,2026-08-21,,合成演示数据
SYN0330,保湿好但是叠涂搓泥，希望解决搭配问题。（合成场景 0330：使用第22天，单次3泵。）,珀莱雅,双抗精华,模拟小红书,2026-08-22,,合成演示数据
SYN0331,用了三周没变化，细纹改善不明显，希望说明见效周期。（合成场景 0331：使用第23天，单次1泵。）,珀莱雅,源力精华,模拟京东,2026-08-23,,合成演示数据
SYN0332,油皮用了以后闷痘，鼻翼长了闭口，已经停用。（合成场景 0332：使用第24天，单次2泵。）,竞品示例,修护精华,模拟抖音,2026-08-24,,合成演示数据
SYN0333,换季脸还是干燥紧绷，希望保湿更持久。（合成场景 0333：使用第25天，单次3泵。）,珀莱雅,红宝石面霜,模拟天猫,2026-08-25,,合成演示数据
SYN0334,吸收慢，摸起来黏黏的，希望肤感更清爽。（合成场景 0334：使用第26天，单次1泵。）,珀莱雅,双抗精华,模拟小红书,2026-08-26,,合成演示数据
SYN0335,换季脸还是干燥紧绷，希望保湿更持久。（合成场景 0335：使用第27天，单次2泵。）,珀莱雅,源力精华,模拟京东,2026-08-27,,合成演示数据
SYN0336,上脸烫但不是过敏，晚上用完有些泛红，希望更温和一点。（合成场景 0336：使用第28天，单次3泵。）,竞品示例,修护精华,模拟抖音,2026-08-28,,合成演示数据
SYN0337,敏感肌用着温和，不刺激，没有泛红。（合成场景 0337：使用第1天，单次1泵。）,珀莱雅,红宝石面霜,模拟天猫,2026-08-01,,合成演示数据
SYN0338,保湿好但是叠涂搓泥，希望解决搭配问题。（合成场景 0338：使用第2天，单次2泵。）,珀莱雅,双抗精华,模拟小红书,2026-08-02,,合成演示数据
SYN0339,早上用吸收快，肤感清爽，化妆前也好用。（合成场景 0339：使用第3天，单次3泵。）,珀莱雅,源力精华,模拟京东,2026-08-03,,合成演示数据
SYN0340,上脸烫但不是过敏，晚上用完有些泛红，希望更温和一点。（合成场景 0340：使用第4天，单次1泵。）,竞品示例,修护精华,模拟抖音,2026-08-04,,合成演示数据
SYN0341,保湿好但是叠涂搓泥，希望解决搭配问题。（合成场景 0341：使用第5天，单次2泵。）,珀莱雅,红宝石面霜,模拟天猫,2026-08-05,,合成演示数据
SYN0342,泵头按不出，瓶口还漏液，希望改善包装。（合成场景 0342：使用第6天，单次3泵。）,珀莱雅,双抗精华,模拟小红书,2026-08-06,,合成演示数据
SYN0343,上脸烫但不是过敏，晚上用完有些泛红，希望更温和一点。（合成场景 0343：使用第7天，单次1泵。）,珀莱雅,源力精华,模拟京东,2026-08-07,,合成演示数据
SYN0344,上脸烫但不是过敏，晚上用完有些泛红，希望更温和一点。（合成场景 0344：使用第8天，单次2泵。）,竞品示例,修护精华,模拟抖音,2026-08-08,,合成演示数据
SYN0345,敏感肌用着温和，不刺激，没有泛红。（合成场景 0345：使用第9天，单次3泵。）,珀莱雅,红宝石面霜,模拟天猫,2026-08-09,,合成演示数据
SYN0346,用了三周没变化，细纹改善不明显，希望说明见效周期。（合成场景 0346：使用第10天，单次1泵。）,珀莱雅,双抗精华,模拟小红书,2026-08-10,,合成演示数据
SYN0347,早上用吸收快，肤感清爽，化妆前也好用。（合成场景 0347：使用第11天，单次2泵。）,珀莱雅,源力精华,模拟京东,2026-08-11,,合成演示数据
SYN0348,早上用吸收快，肤感清爽，化妆前也好用。（合成场景 0348：使用第12天，单次3泵。）,竞品示例,修护精华,模拟抖音,2026-08-12,,合成演示数据
SYN0349,油皮用了以后闷痘，鼻翼长了闭口，已经停用。（合成场景 0349：使用第13天，单次1泵。）,珀莱雅,红宝石面霜,模拟天猫,2026-08-13,,合成演示数据
SYN0350,上脸烫但不是过敏，晚上用完有些泛红，希望更温和一点。（合成场景 0350：使用第14天，单次2泵。）,珀莱雅,双抗精华,模拟小红书,2026-08-14,,合成演示数据
SYN0351,早上用吸收快，肤感清爽，化妆前也好用。（合成场景 0351：使用第15天，单次3泵。）,珀莱雅,源力精华,模拟京东,2026-08-15,,合成演示数据
SYN0352,化妆前叠涂防晒会搓泥，想要更容易搭配底妆。（合成场景 0352：使用第16天，单次1泵。）,竞品示例,修护精华,模拟抖音,2026-08-16,,合成演示数据
SYN0353,油皮用了以后闷痘，鼻翼长了闭口，已经停用。（合成场景 0353：使用第17天，单次2泵。）,珀莱雅,红宝石面霜,模拟天猫,2026-08-17,,合成演示数据
SYN0354,化妆前叠涂防晒会搓泥，想要更容易搭配底妆。（合成场景 0354：使用第18天，单次3泵。）,珀莱雅,双抗精华,模拟小红书,2026-08-18,,合成演示数据
SYN0355,敏感肌用着温和，不刺激，没有泛红。（合成场景 0355：使用第19天，单次1泵。）,珀莱雅,源力精华,模拟京东,2026-08-19,,合成演示数据
SYN0356,化妆前叠涂防晒会搓泥，想要更容易搭配底妆。（合成场景 0356：使用第20天，单次2泵。）,竞品示例,修护精华,模拟抖音,2026-08-20,,合成演示数据
SYN0357,某国货早C晚A太刺激，已经停用，想要低刺激的选择。（合成场景 0357：使用第21天，单次3泵。）,未指明,未指明,模拟天猫,2026-08-21,,合成演示数据
SYN0358,换季脸还是干燥紧绷，希望保湿更持久。（合成场景 0358：使用第22天，单次1泵。）,珀莱雅,双抗精华,模拟小红书,2026-08-22,,合成演示数据
SYN0359,价格高，活动后又涨价，日常买不划算。（合成场景 0359：使用第23天，单次2泵。）,珀莱雅,源力精华,模拟京东,2026-08-23,,合成演示数据
SYN0360,化妆前叠涂防晒会搓泥，想要更容易搭配底妆。（合成场景 0360：使用第24天，单次3泵。）,竞品示例,修护精华,模拟抖音,2026-08-24,,合成演示数据
SYN0361,敏感肌用着温和，不刺激，没有泛红。（合成场景 0361：使用第25天，单次1泵。）,珀莱雅,红宝石面霜,模拟天猫,2026-08-25,,合成演示数据
SYN0362,换季脸还是干燥紧绷，希望保湿更持久。（合成场景 0362：使用第26天，单次2泵。）,珀莱雅,双抗精华,模拟小红书,2026-08-26,,合成演示数据
SYN0363,敏感肌用着温和，不刺激，没有泛红。（合成场景 0363：使用第27天，单次3泵。）,珀莱雅,源力精华,模拟京东,2026-08-27,,合成演示数据
SYN0364,敏感肌用着温和，不刺激，没有泛红。（合成场景 0364：使用第28天，单次1泵。）,竞品示例,修护精华,模拟抖音,2026-08-28,,合成演示数据
SYN0365,上脸烫但不是过敏，晚上用完有些泛红，希望更温和一点。（合成场景 0365：使用第1天，单次2泵。）,珀莱雅,红宝石面霜,模拟天猫,2026-08-01,,合成演示数据
SYN0366,敏感肌用着温和，不刺激，没有泛红。（合成场景 0366：使用第2天，单次3泵。）,珀莱雅,双抗精华,模拟小红书,2026-08-02,,合成演示数据
SYN0367,化妆前叠涂防晒会搓泥，想要更容易搭配底妆。（合成场景 0367：使用第3天，单次1泵。）,珀莱雅,源力精华,模拟京东,2026-08-03,,合成演示数据
SYN0368,价格高，活动后又涨价，日常买不划算。（合成场景 0368：使用第4天，单次2泵。）,竞品示例,修护精华,模拟抖音,2026-08-04,,合成演示数据
SYN0369,某国货早C晚A太刺激，已经停用，想要低刺激的选择。（合成场景 0369：使用第5天，单次3泵。）,未指明,未指明,模拟天猫,2026-08-05,,合成演示数据
SYN0370,敏感肌用着温和，不刺激，没有泛红。（合成场景 0370：使用第6天，单次1泵。）,珀莱雅,双抗精华,模拟小红书,2026-08-06,,合成演示数据
SYN0371,敏感肌用着温和，不刺激，没有泛红。（合成场景 0371：使用第7天，单次2泵。）,珀莱雅,源力精华,模拟京东,2026-08-07,,合成演示数据
SYN0372,早上用吸收快，肤感清爽，化妆前也好用。（合成场景 0372：使用第8天，单次3泵。）,竞品示例,修护精华,模拟抖音,2026-08-08,,合成演示数据
SYN0373,泵头按不出，瓶口还漏液，希望改善包装。（合成场景 0373：使用第9天，单次1泵。）,珀莱雅,红宝石面霜,模拟天猫,2026-08-09,,合成演示数据
SYN0374,吸收慢，摸起来黏黏的，希望肤感更清爽。（合成场景 0374：使用第10天，单次2泵。）,珀莱雅,双抗精华,模拟小红书,2026-08-10,,合成演示数据
SYN0375,换季脸还是干燥紧绷，希望保湿更持久。（合成场景 0375：使用第11天，单次3泵。）,珀莱雅,源力精华,模拟京东,2026-08-11,,合成演示数据
SYN0376,某国货早C晚A太刺激，已经停用，想要低刺激的选择。（合成场景 0376：使用第12天，单次1泵。）,未指明,未指明,模拟抖音,2026-08-12,,合成演示数据
SYN0377,保湿好但是叠涂搓泥，希望解决搭配问题。（合成场景 0377：使用第13天，单次2泵。）,珀莱雅,红宝石面霜,模拟天猫,2026-08-13,,合成演示数据
SYN0378,泵头按不出，瓶口还漏液，希望改善包装。（合成场景 0378：使用第14天，单次3泵。）,珀莱雅,双抗精华,模拟小红书,2026-08-14,,合成演示数据
SYN0379,换季脸还是干燥紧绷，希望保湿更持久。（合成场景 0379：使用第15天，单次1泵。）,珀莱雅,源力精华,模拟京东,2026-08-15,,合成演示数据
SYN0380,吸收慢，摸起来黏黏的，希望肤感更清爽。（合成场景 0380：使用第16天，单次2泵。）,竞品示例,修护精华,模拟抖音,2026-08-16,,合成演示数据
SYN0381,价格高，活动后又涨价，日常买不划算。（合成场景 0381：使用第17天，单次3泵。）,珀莱雅,红宝石面霜,模拟天猫,2026-08-17,,合成演示数据
SYN0382,油皮用了以后闷痘，鼻翼长了闭口，已经停用。（合成场景 0382：使用第18天，单次1泵。）,珀莱雅,双抗精华,模拟小红书,2026-08-18,,合成演示数据
SYN0383,某国货早C晚A太刺激，已经停用，想要低刺激的选择。（合成场景 0383：使用第19天，单次2泵。）,未指明,未指明,模拟京东,2026-08-19,,合成演示数据
SYN0384,某国货早C晚A太刺激，已经停用，想要低刺激的选择。（合成场景 0384：使用第20天，单次3泵。）,未指明,未指明,模拟抖音,2026-08-20,,合成演示数据
SYN0385,吸收慢，摸起来黏黏的，希望肤感更清爽。（合成场景 0385：使用第21天，单次1泵。）,珀莱雅,红宝石面霜,模拟天猫,2026-08-21,,合成演示数据
SYN0386,用了三周没变化，细纹改善不明显，希望说明见效周期。（合成场景 0386：使用第22天，单次2泵。）,珀莱雅,双抗精华,模拟小红书,2026-08-22,,合成演示数据
SYN0387,泵头按不出，瓶口还漏液，希望改善包装。（合成场景 0387：使用第23天，单次3泵。）,珀莱雅,源力精华,模拟京东,2026-08-23,,合成演示数据
SYN0388,化妆前叠涂防晒会搓泥，想要更容易搭配底妆。（合成场景 0388：使用第24天，单次1泵。）,竞品示例,修护精华,模拟抖音,2026-08-24,,合成演示数据
SYN0389,上脸烫但不是过敏，晚上用完有些泛红，希望更温和一点。（合成场景 0389：使用第25天，单次2泵。）,珀莱雅,红宝石面霜,模拟天猫,2026-08-25,,合成演示数据
SYN0390,用了三周没变化，细纹改善不明显，希望说明见效周期。（合成场景 0390：使用第26天，单次3泵。）,珀莱雅,双抗精华,模拟小红书,2026-08-26,,合成演示数据
SYN0391,敏感肌用着温和，不刺激，没有泛红。（合成场景 0391：使用第27天，单次1泵。）,珀莱雅,源力精华,模拟京东,2026-08-27,,合成演示数据
SYN0392,敏感肌用着温和，不刺激，没有泛红。（合成场景 0392：使用第28天，单次2泵。）,竞品示例,修护精华,模拟抖音,2026-08-28,,合成演示数据
SYN0393,化妆前叠涂防晒会搓泥，想要更容易搭配底妆。（合成场景 0393：使用第1天，单次3泵。）,珀莱雅,红宝石面霜,模拟天猫,2026-08-01,,合成演示数据
SYN0394,化妆前叠涂防晒会搓泥，想要更容易搭配底妆。（合成场景 0394：使用第2天，单次1泵。）,珀莱雅,双抗精华,模拟小红书,2026-08-02,,合成演示数据
SYN0395,早上用吸收快，肤感清爽，化妆前也好用。（合成场景 0395：使用第3天，单次2泵。）,珀莱雅,源力精华,模拟京东,2026-08-03,,合成演示数据
SYN0396,换季脸还是干燥紧绷，希望保湿更持久。（合成场景 0396：使用第4天，单次3泵。）,竞品示例,修护精华,模拟抖音,2026-08-04,,合成演示数据
SYN0397,早上用吸收快，肤感清爽，化妆前也好用。（合成场景 0397：使用第5天，单次1泵。）,珀莱雅,红宝石面霜,模拟天猫,2026-08-05,,合成演示数据
SYN0398,吸收慢，摸起来黏黏的，希望肤感更清爽。（合成场景 0398：使用第6天，单次2泵。）,珀莱雅,双抗精华,模拟小红书,2026-08-06,,合成演示数据
SYN0399,油皮用了以后闷痘，鼻翼长了闭口，已经停用。（合成场景 0399：使用第7天，单次3泵。）,珀莱雅,源力精华,模拟京东,2026-08-07,,合成演示数据
SYN0400,泵头按不出，瓶口还漏液，希望改善包装。（合成场景 0400：使用第8天，单次1泵。）,竞品示例,修护精华,模拟抖音,2026-08-08,,合成演示数据
SYN0401,化妆前叠涂防晒会搓泥，想要更容易搭配底妆。（合成场景 0401：使用第9天，单次2泵。）,珀莱雅,红宝石面霜,模拟天猫,2026-08-09,,合成演示数据
SYN0402,换季脸还是干燥紧绷，希望保湿更持久。（合成场景 0402：使用第10天，单次3泵。）,珀莱雅,双抗精华,模拟小红书,2026-08-10,,合成演示数据
SYN0403,泵头按不出，瓶口还漏液，希望改善包装。（合成场景 0403：使用第11天，单次1泵。）,珀莱雅,源力精华,模拟京东,2026-08-11,,合成演示数据
SYN0404,吸收慢，摸起来黏黏的，希望肤感更清爽。（合成场景 0404：使用第12天，单次2泵。）,竞品示例,修护精华,模拟抖音,2026-08-12,,合成演示数据
SYN0405,油皮用了以后闷痘，鼻翼长了闭口，已经停用。（合成场景 0405：使用第13天，单次3泵。）,珀莱雅,红宝石面霜,模拟天猫,2026-08-13,,合成演示数据
SYN0406,用了三周没变化，细纹改善不明显，希望说明见效周期。（合成场景 0406：使用第14天，单次1泵。）,珀莱雅,双抗精华,模拟小红书,2026-08-14,,合成演示数据
SYN0407,早上用吸收快，肤感清爽，化妆前也好用。（合成场景 0407：使用第15天，单次2泵。）,珀莱雅,源力精华,模拟京东,2026-08-15,,合成演示数据
SYN0408,保湿好但是叠涂搓泥，希望解决搭配问题。（合成场景 0408：使用第16天，单次3泵。）,竞品示例,修护精华,模拟抖音,2026-08-16,,合成演示数据
SYN0409,吸收慢，摸起来黏黏的，希望肤感更清爽。（合成场景 0409：使用第17天，单次1泵。）,珀莱雅,红宝石面霜,模拟天猫,2026-08-17,,合成演示数据
SYN0410,敏感肌用着温和，不刺激，没有泛红。（合成场景 0410：使用第18天，单次2泵。）,珀莱雅,双抗精华,模拟小红书,2026-08-18,,合成演示数据
SYN0411,某国货早C晚A太刺激，已经停用，想要低刺激的选择。（合成场景 0411：使用第19天，单次3泵。）,未指明,未指明,模拟京东,2026-08-19,,合成演示数据
SYN0412,早上用吸收快，肤感清爽，化妆前也好用。（合成场景 0412：使用第20天，单次1泵。）,竞品示例,修护精华,模拟抖音,2026-08-20,,合成演示数据
SYN0413,上脸烫但不是过敏，晚上用完有些泛红，希望更温和一点。（合成场景 0413：使用第21天，单次2泵。）,珀莱雅,红宝石面霜,模拟天猫,2026-08-21,,合成演示数据
SYN0414,某国货早C晚A太刺激，已经停用，想要低刺激的选择。（合成场景 0414：使用第22天，单次3泵。）,未指明,未指明,模拟小红书,2026-08-22,,合成演示数据
SYN0415,早上用吸收快，肤感清爽，化妆前也好用。（合成场景 0415：使用第23天，单次1泵。）,珀莱雅,源力精华,模拟京东,2026-08-23,,合成演示数据
SYN0416,吸收慢，摸起来黏黏的，希望肤感更清爽。（合成场景 0416：使用第24天，单次2泵。）,竞品示例,修护精华,模拟抖音,2026-08-24,,合成演示数据
SYN0417,某国货早C晚A太刺激，已经停用，想要低刺激的选择。（合成场景 0417：使用第25天，单次3泵。）,未指明,未指明,模拟天猫,2026-08-25,,合成演示数据
SYN0418,化妆前叠涂防晒会搓泥，想要更容易搭配底妆。（合成场景 0418：使用第26天，单次1泵。）,珀莱雅,双抗精华,模拟小红书,2026-08-26,,合成演示数据
SYN0419,油皮用了以后闷痘，鼻翼长了闭口，已经停用。（合成场景 0419：使用第27天，单次2泵。）,珀莱雅,源力精华,模拟京东,2026-08-27,,合成演示数据
SYN0420,吸收慢，摸起来黏黏的，希望肤感更清爽。（合成场景 0420：使用第28天，单次3泵。）,竞品示例,修护精华,模拟抖音,2026-08-28,,合成演示数据
SYN0421,化妆前叠涂防晒会搓泥，想要更容易搭配底妆。（合成场景 0421：使用第1天，单次1泵。）,珀莱雅,红宝石面霜,模拟天猫,2026-08-01,,合成演示数据
SYN0422,化妆前叠涂防晒会搓泥，想要更容易搭配底妆。（合成场景 0422：使用第2天，单次2泵。）,珀莱雅,双抗精华,模拟小红书,2026-08-02,,合成演示数据
SYN0423,保湿好但是叠涂搓泥，希望解决搭配问题。（合成场景 0423：使用第3天，单次3泵。）,珀莱雅,源力精华,模拟京东,2026-08-03,,合成演示数据
SYN0424,早上用吸收快，肤感清爽，化妆前也好用。（合成场景 0424：使用第4天，单次1泵。）,竞品示例,修护精华,模拟抖音,2026-08-04,,合成演示数据
SYN0425,油皮用了以后闷痘，鼻翼长了闭口，已经停用。（合成场景 0425：使用第5天，单次2泵。）,珀莱雅,红宝石面霜,模拟天猫,2026-08-05,,合成演示数据
SYN0426,吸收慢，摸起来黏黏的，希望肤感更清爽。（合成场景 0426：使用第6天，单次3泵。）,珀莱雅,双抗精华,模拟小红书,2026-08-06,,合成演示数据
SYN0427,吸收慢，摸起来黏黏的，希望肤感更清爽。（合成场景 0427：使用第7天，单次1泵。）,珀莱雅,源力精华,模拟京东,2026-08-07,,合成演示数据
SYN0428,敏感肌用着温和，不刺激，没有泛红。（合成场景 0428：使用第8天，单次2泵。）,竞品示例,修护精华,模拟抖音,2026-08-08,,合成演示数据
SYN0429,换季脸还是干燥紧绷，希望保湿更持久。（合成场景 0429：使用第9天，单次3泵。）,珀莱雅,红宝石面霜,模拟天猫,2026-08-09,,合成演示数据
SYN0430,保湿好但是叠涂搓泥，希望解决搭配问题。（合成场景 0430：使用第10天，单次1泵。）,珀莱雅,双抗精华,模拟小红书,2026-08-10,,合成演示数据
SYN0431,泵头按不出，瓶口还漏液，希望改善包装。（合成场景 0431：使用第11天，单次2泵。）,珀莱雅,源力精华,模拟京东,2026-08-11,,合成演示数据
SYN0432,换季脸还是干燥紧绷，希望保湿更持久。（合成场景 0432：使用第12天，单次3泵。）,竞品示例,修护精华,模拟抖音,2026-08-12,,合成演示数据
SYN0433,某国货早C晚A太刺激，已经停用，想要低刺激的选择。（合成场景 0433：使用第13天，单次1泵。）,未指明,未指明,模拟天猫,2026-08-13,,合成演示数据
SYN0434,某国货早C晚A太刺激，已经停用，想要低刺激的选择。（合成场景 0434：使用第14天，单次2泵。）,未指明,未指明,模拟小红书,2026-08-14,,合成演示数据
SYN0435,吸收慢，摸起来黏黏的，希望肤感更清爽。（合成场景 0435：使用第15天，单次3泵。）,珀莱雅,源力精华,模拟京东,2026-08-15,,合成演示数据
SYN0436,早上用吸收快，肤感清爽，化妆前也好用。（合成场景 0436：使用第16天，单次1泵。）,竞品示例,修护精华,模拟抖音,2026-08-16,,合成演示数据
SYN0437,用了三周没变化，细纹改善不明显，希望说明见效周期。（合成场景 0437：使用第17天，单次2泵。）,珀莱雅,红宝石面霜,模拟天猫,2026-08-17,,合成演示数据
SYN0438,吸收慢，摸起来黏黏的，希望肤感更清爽。（合成场景 0438：使用第18天，单次3泵。）,珀莱雅,双抗精华,模拟小红书,2026-08-18,,合成演示数据
SYN0439,上脸烫但不是过敏，晚上用完有些泛红，希望更温和一点。（合成场景 0439：使用第19天，单次1泵。）,珀莱雅,源力精华,模拟京东,2026-08-19,,合成演示数据
SYN0440,化妆前叠涂防晒会搓泥，想要更容易搭配底妆。（合成场景 0440：使用第20天，单次2泵。）,竞品示例,修护精华,模拟抖音,2026-08-20,,合成演示数据
SYN0441,某国货早C晚A太刺激，已经停用，想要低刺激的选择。（合成场景 0441：使用第21天，单次3泵。）,未指明,未指明,模拟天猫,2026-08-21,,合成演示数据
SYN0442,价格高，活动后又涨价，日常买不划算。（合成场景 0442：使用第22天，单次1泵。）,珀莱雅,双抗精华,模拟小红书,2026-08-22,,合成演示数据
SYN0443,吸收慢，摸起来黏黏的，希望肤感更清爽。（合成场景 0443：使用第23天，单次2泵。）,珀莱雅,源力精华,模拟京东,2026-08-23,,合成演示数据
SYN0444,上脸烫但不是过敏，晚上用完有些泛红，希望更温和一点。（合成场景 0444：使用第24天，单次3泵。）,竞品示例,修护精华,模拟抖音,2026-08-24,,合成演示数据
SYN0445,上脸烫但不是过敏，晚上用完有些泛红，希望更温和一点。（合成场景 0445：使用第25天，单次1泵。）,珀莱雅,红宝石面霜,模拟天猫,2026-08-25,,合成演示数据
SYN0446,泵头按不出，瓶口还漏液，希望改善包装。（合成场景 0446：使用第26天，单次2泵。）,珀莱雅,双抗精华,模拟小红书,2026-08-26,,合成演示数据
SYN0447,油皮用了以后闷痘，鼻翼长了闭口，已经停用。（合成场景 0447：使用第27天，单次3泵。）,珀莱雅,源力精华,模拟京东,2026-08-27,,合成演示数据
SYN0448,某国货早C晚A太刺激，已经停用，想要低刺激的选择。（合成场景 0448：使用第28天，单次1泵。）,未指明,未指明,模拟抖音,2026-08-28,,合成演示数据
SYN0449,吸收慢，摸起来黏黏的，希望肤感更清爽。（合成场景 0449：使用第1天，单次2泵。）,珀莱雅,红宝石面霜,模拟天猫,2026-08-01,,合成演示数据
SYN0450,油皮用了以后闷痘，鼻翼长了闭口，已经停用。（合成场景 0450：使用第2天，单次3泵。）,珀莱雅,双抗精华,模拟小红书,2026-08-02,,合成演示数据
SYN0451,保湿好但是叠涂搓泥，希望解决搭配问题。（合成场景 0451：使用第3天，单次1泵。）,珀莱雅,源力精华,模拟京东,2026-08-03,,合成演示数据
SYN0452,用了三周没变化，细纹改善不明显，希望说明见效周期。（合成场景 0452：使用第4天，单次2泵。）,竞品示例,修护精华,模拟抖音,2026-08-04,,合成演示数据
SYN0453,早上用吸收快，肤感清爽，化妆前也好用。（合成场景 0453：使用第5天，单次3泵。）,珀莱雅,红宝石面霜,模拟天猫,2026-08-05,,合成演示数据
SYN0454,保湿好但是叠涂搓泥，希望解决搭配问题。（合成场景 0454：使用第6天，单次1泵。）,珀莱雅,双抗精华,模拟小红书,2026-08-06,,合成演示数据
SYN0455,价格高，活动后又涨价，日常买不划算。（合成场景 0455：使用第7天，单次2泵。）,珀莱雅,源力精华,模拟京东,2026-08-07,,合成演示数据
SYN0456,早上用吸收快，肤感清爽，化妆前也好用。（合成场景 0456：使用第8天，单次3泵。）,竞品示例,修护精华,模拟抖音,2026-08-08,,合成演示数据
SYN0457,上脸烫但不是过敏，晚上用完有些泛红，希望更温和一点。（合成场景 0457：使用第9天，单次1泵。）,珀莱雅,红宝石面霜,模拟天猫,2026-08-09,,合成演示数据
SYN0458,化妆前叠涂防晒会搓泥，想要更容易搭配底妆。（合成场景 0458：使用第10天，单次2泵。）,珀莱雅,双抗精华,模拟小红书,2026-08-10,,合成演示数据
SYN0459,化妆前叠涂防晒会搓泥，想要更容易搭配底妆。（合成场景 0459：使用第11天，单次3泵。）,珀莱雅,源力精华,模拟京东,2026-08-11,,合成演示数据
SYN0460,保湿好但是叠涂搓泥，希望解决搭配问题。（合成场景 0460：使用第12天，单次1泵。）,竞品示例,修护精华,模拟抖音,2026-08-12,,合成演示数据
SYN0461,油皮用了以后闷痘，鼻翼长了闭口，已经停用。（合成场景 0461：使用第13天，单次2泵。）,珀莱雅,红宝石面霜,模拟天猫,2026-08-13,,合成演示数据
SYN0462,早上用吸收快，肤感清爽，化妆前也好用。（合成场景 0462：使用第14天，单次3泵。）,珀莱雅,双抗精华,模拟小红书,2026-08-14,,合成演示数据
SYN0463,上脸烫但不是过敏，晚上用完有些泛红，希望更温和一点。（合成场景 0463：使用第15天，单次1泵。）,珀莱雅,源力精华,模拟京东,2026-08-15,,合成演示数据
SYN0464,泵头按不出，瓶口还漏液，希望改善包装。（合成场景 0464：使用第16天，单次2泵。）,竞品示例,修护精华,模拟抖音,2026-08-16,,合成演示数据
SYN0465,敏感肌用着温和，不刺激，没有泛红。（合成场景 0465：使用第17天，单次3泵。）,珀莱雅,红宝石面霜,模拟天猫,2026-08-17,,合成演示数据
SYN0466,早上用吸收快，肤感清爽，化妆前也好用。（合成场景 0466：使用第18天，单次1泵。）,珀莱雅,双抗精华,模拟小红书,2026-08-18,,合成演示数据
SYN0467,油皮用了以后闷痘，鼻翼长了闭口，已经停用。（合成场景 0467：使用第19天，单次2泵。）,珀莱雅,源力精华,模拟京东,2026-08-19,,合成演示数据
SYN0468,价格高，活动后又涨价，日常买不划算。（合成场景 0468：使用第20天，单次3泵。）,竞品示例,修护精华,模拟抖音,2026-08-20,,合成演示数据
SYN0469,油皮用了以后闷痘，鼻翼长了闭口，已经停用。（合成场景 0469：使用第21天，单次1泵。）,珀莱雅,红宝石面霜,模拟天猫,2026-08-21,,合成演示数据
SYN0470,上脸烫但不是过敏，晚上用完有些泛红，希望更温和一点。（合成场景 0470：使用第22天，单次2泵。）,珀莱雅,双抗精华,模拟小红书,2026-08-22,,合成演示数据
SYN0471,吸收慢，摸起来黏黏的，希望肤感更清爽。（合成场景 0471：使用第23天，单次3泵。）,珀莱雅,源力精华,模拟京东,2026-08-23,,合成演示数据
SYN0472,泵头按不出，瓶口还漏液，希望改善包装。（合成场景 0472：使用第24天，单次1泵。）,竞品示例,修护精华,模拟抖音,2026-08-24,,合成演示数据
SYN0473,上脸烫但不是过敏，晚上用完有些泛红，希望更温和一点。（合成场景 0473：使用第25天，单次2泵。）,珀莱雅,红宝石面霜,模拟天猫,2026-08-25,,合成演示数据
SYN0474,泵头按不出，瓶口还漏液，希望改善包装。（合成场景 0474：使用第26天，单次3泵。）,珀莱雅,双抗精华,模拟小红书,2026-08-26,,合成演示数据
SYN0475,换季脸还是干燥紧绷，希望保湿更持久。（合成场景 0475：使用第27天，单次1泵。）,珀莱雅,源力精华,模拟京东,2026-08-27,,合成演示数据
SYN0476,某国货早C晚A太刺激，已经停用，想要低刺激的选择。（合成场景 0476：使用第28天，单次2泵。）,未指明,未指明,模拟抖音,2026-08-28,,合成演示数据
SYN0477,换季脸还是干燥紧绷，希望保湿更持久。（合成场景 0477：使用第1天，单次3泵。）,珀莱雅,红宝石面霜,模拟天猫,2026-08-01,,合成演示数据
SYN0478,某国货早C晚A太刺激，已经停用，想要低刺激的选择。（合成场景 0478：使用第2天，单次1泵。）,未指明,未指明,模拟小红书,2026-08-02,,合成演示数据
SYN0479,化妆前叠涂防晒会搓泥，想要更容易搭配底妆。（合成场景 0479：使用第3天，单次2泵。）,珀莱雅,源力精华,模拟京东,2026-08-03,,合成演示数据
SYN0480,泵头按不出，瓶口还漏液，希望改善包装。（合成场景 0480：使用第4天，单次3泵。）,竞品示例,修护精华,模拟抖音,2026-08-04,,合成演示数据
SYN0481,早上用吸收快，肤感清爽，化妆前也好用。（合成场景 0481：使用第5天，单次1泵。）,珀莱雅,红宝石面霜,模拟天猫,2026-08-05,,合成演示数据
SYN0482,价格高，活动后又涨价，日常买不划算。（合成场景 0482：使用第6天，单次2泵。）,珀莱雅,双抗精华,模拟小红书,2026-08-06,,合成演示数据
SYN0483,敏感肌用着温和，不刺激，没有泛红。（合成场景 0483：使用第7天，单次3泵。）,珀莱雅,源力精华,模拟京东,2026-08-07,,合成演示数据
SYN0484,保湿好但是叠涂搓泥，希望解决搭配问题。（合成场景 0484：使用第8天，单次1泵。）,竞品示例,修护精华,模拟抖音,2026-08-08,,合成演示数据
SYN0485,油皮用了以后闷痘，鼻翼长了闭口，已经停用。（合成场景 0485：使用第9天，单次2泵。）,珀莱雅,红宝石面霜,模拟天猫,2026-08-09,,合成演示数据
SYN0486,换季脸还是干燥紧绷，希望保湿更持久。（合成场景 0486：使用第10天，单次3泵。）,珀莱雅,双抗精华,模拟小红书,2026-08-10,,合成演示数据
SYN0487,油皮用了以后闷痘，鼻翼长了闭口，已经停用。（合成场景 0487：使用第11天，单次1泵。）,珀莱雅,源力精华,模拟京东,2026-08-11,,合成演示数据
SYN0488,油皮用了以后闷痘，鼻翼长了闭口，已经停用。（合成场景 0488：使用第12天，单次2泵。）,竞品示例,修护精华,模拟抖音,2026-08-12,,合成演示数据
SYN0489,价格高，活动后又涨价，日常买不划算。（合成场景 0489：使用第13天，单次3泵。）,珀莱雅,红宝石面霜,模拟天猫,2026-08-13,,合成演示数据
SYN0490,上脸烫但不是过敏，晚上用完有些泛红，希望更温和一点。（合成场景 0490：使用第14天，单次1泵。）,珀莱雅,双抗精华,模拟小红书,2026-08-14,,合成演示数据
SYN0491,油皮用了以后闷痘，鼻翼长了闭口，已经停用。（合成场景 0491：使用第15天，单次2泵。）,珀莱雅,源力精华,模拟京东,2026-08-15,,合成演示数据
SYN0492,保湿好但是叠涂搓泥，希望解决搭配问题。（合成场景 0492：使用第16天，单次3泵。）,竞品示例,修护精华,模拟抖音,2026-08-16,,合成演示数据
SYN0493,泵头按不出，瓶口还漏液，希望改善包装。（合成场景 0493：使用第17天，单次1泵。）,珀莱雅,红宝石面霜,模拟天猫,2026-08-17,,合成演示数据
SYN0494,价格高，活动后又涨价，日常买不划算。（合成场景 0494：使用第18天，单次2泵。）,珀莱雅,双抗精华,模拟小红书,2026-08-18,,合成演示数据
SYN0495,某国货早C晚A太刺激，已经停用，想要低刺激的选择。（合成场景 0495：使用第19天，单次3泵。）,未指明,未指明,模拟京东,2026-08-19,,合成演示数据
SYN0496,保湿好但是叠涂搓泥，希望解决搭配问题。（合成场景 0496：使用第20天，单次1泵。）,竞品示例,修护精华,模拟抖音,2026-08-20,,合成演示数据
SYN0497,换季脸还是干燥紧绷，希望保湿更持久。（合成场景 0497：使用第21天，单次2泵。）,珀莱雅,红宝石面霜,模拟天猫,2026-08-21,,合成演示数据
SYN0498,吸收慢，摸起来黏黏的，希望肤感更清爽。（合成场景 0498：使用第22天，单次3泵。）,珀莱雅,双抗精华,模拟小红书,2026-08-22,,合成演示数据
SYN0499,油皮用了以后闷痘，鼻翼长了闭口，已经停用。（合成场景 0499：使用第23天，单次1泵。）,珀莱雅,源力精华,模拟京东,2026-08-23,,合成演示数据
SYN0500,保湿好但是叠涂搓泥，希望解决搭配问题。（合成场景 0500：使用第24天，单次2泵。）,竞品示例,修护精华,模拟抖音,2026-08-24,,合成演示数据
SYN0501,化妆前叠涂防晒会搓泥，想要更容易搭配底妆。（合成场景 0501：使用第25天，单次3泵。）,珀莱雅,红宝石面霜,模拟天猫,2026-08-25,,合成演示数据
SYN0502,价格高，活动后又涨价，日常买不划算。（合成场景 0502：使用第26天，单次1泵。）,珀莱雅,双抗精华,模拟小红书,2026-08-26,,合成演示数据
SYN0503,上脸烫但不是过敏，晚上用完有些泛红，希望更温和一点。（合成场景 0503：使用第27天，单次2泵。）,珀莱雅,源力精华,模拟京东,2026-08-27,,合成演示数据
SYN0504,用了三周没变化，细纹改善不明显，希望说明见效周期。（合成场景 0504：使用第28天，单次3泵。）,竞品示例,修护精华,模拟抖音,2026-08-28,,合成演示数据
SYN0505,换季脸还是干燥紧绷，希望保湿更持久。（合成场景 0505：使用第1天，单次1泵。）,珀莱雅,红宝石面霜,模拟天猫,2026-08-01,,合成演示数据
SYN0506,换季脸还是干燥紧绷，希望保湿更持久。（合成场景 0506：使用第2天，单次2泵。）,珀莱雅,双抗精华,模拟小红书,2026-08-02,,合成演示数据
SYN0507,用了三周没变化，细纹改善不明显，希望说明见效周期。（合成场景 0507：使用第3天，单次3泵。）,珀莱雅,源力精华,模拟京东,2026-08-03,,合成演示数据
SYN0508,泵头按不出，瓶口还漏液，希望改善包装。（合成场景 0508：使用第4天，单次1泵。）,竞品示例,修护精华,模拟抖音,2026-08-04,,合成演示数据
SYN0509,吸收慢，摸起来黏黏的，希望肤感更清爽。（合成场景 0509：使用第5天，单次2泵。）,珀莱雅,红宝石面霜,模拟天猫,2026-08-05,,合成演示数据
SYN0510,换季脸还是干燥紧绷，希望保湿更持久。（合成场景 0510：使用第6天，单次3泵。）,珀莱雅,双抗精华,模拟小红书,2026-08-06,,合成演示数据
SYN0511,换季脸还是干燥紧绷，希望保湿更持久。（合成场景 0511：使用第7天，单次1泵。）,珀莱雅,源力精华,模拟京东,2026-08-07,,合成演示数据
SYN0512,上脸烫但不是过敏，晚上用完有些泛红，希望更温和一点。（合成场景 0512：使用第8天，单次2泵。）,竞品示例,修护精华,模拟抖音,2026-08-08,,合成演示数据
SYN0513,某国货早C晚A太刺激，已经停用，想要低刺激的选择。（合成场景 0513：使用第9天，单次3泵。）,未指明,未指明,模拟天猫,2026-08-09,,合成演示数据
SYN0514,换季脸还是干燥紧绷，希望保湿更持久。（合成场景 0514：使用第10天，单次1泵。）,珀莱雅,双抗精华,模拟小红书,2026-08-10,,合成演示数据
SYN0515,价格高，活动后又涨价，日常买不划算。（合成场景 0515：使用第11天，单次2泵。）,珀莱雅,源力精华,模拟京东,2026-08-11,,合成演示数据
SYN0516,泵头按不出，瓶口还漏液，希望改善包装。（合成场景 0516：使用第12天，单次3泵。）,竞品示例,修护精华,模拟抖音,2026-08-12,,合成演示数据
SYN0517,吸收慢，摸起来黏黏的，希望肤感更清爽。（合成场景 0517：使用第13天，单次1泵。）,珀莱雅,红宝石面霜,模拟天猫,2026-08-13,,合成演示数据
SYN0518,化妆前叠涂防晒会搓泥，想要更容易搭配底妆。（合成场景 0518：使用第14天，单次2泵。）,珀莱雅,双抗精华,模拟小红书,2026-08-14,,合成演示数据
SYN0519,吸收慢，摸起来黏黏的，希望肤感更清爽。（合成场景 0519：使用第15天，单次3泵。）,珀莱雅,源力精华,模拟京东,2026-08-15,,合成演示数据
SYN0520,泵头按不出，瓶口还漏液，希望改善包装。（合成场景 0520：使用第16天，单次1泵。）,竞品示例,修护精华,模拟抖音,2026-08-16,,合成演示数据
SYN0521,某国货早C晚A太刺激，已经停用，想要低刺激的选择。（合成场景 0521：使用第17天，单次2泵。）,未指明,未指明,模拟天猫,2026-08-17,,合成演示数据
SYN0522,早上用吸收快，肤感清爽，化妆前也好用。（合成场景 0522：使用第18天，单次3泵。）,珀莱雅,双抗精华,模拟小红书,2026-08-18,,合成演示数据
SYN0523,价格高，活动后又涨价，日常买不划算。（合成场景 0523：使用第19天，单次1泵。）,珀莱雅,源力精华,模拟京东,2026-08-19,,合成演示数据
SYN0524,某国货早C晚A太刺激，已经停用，想要低刺激的选择。（合成场景 0524：使用第20天，单次2泵。）,未指明,未指明,模拟抖音,2026-08-20,,合成演示数据
SYN0525,早上用吸收快，肤感清爽，化妆前也好用。（合成场景 0525：使用第21天，单次3泵。）,珀莱雅,红宝石面霜,模拟天猫,2026-08-21,,合成演示数据
SYN0526,泵头按不出，瓶口还漏液，希望改善包装。（合成场景 0526：使用第22天，单次1泵。）,珀莱雅,双抗精华,模拟小红书,2026-08-22,,合成演示数据
SYN0527,上脸烫但不是过敏，晚上用完有些泛红，希望更温和一点。（合成场景 0527：使用第23天，单次2泵。）,珀莱雅,源力精华,模拟京东,2026-08-23,,合成演示数据
SYN0528,化妆前叠涂防晒会搓泥，想要更容易搭配底妆。（合成场景 0528：使用第24天，单次3泵。）,竞品示例,修护精华,模拟抖音,2026-08-24,,合成演示数据
SYN0529,吸收慢，摸起来黏黏的，希望肤感更清爽。（合成场景 0529：使用第25天，单次1泵。）,珀莱雅,红宝石面霜,模拟天猫,2026-08-25,,合成演示数据
SYN0530,油皮用了以后闷痘，鼻翼长了闭口，已经停用。（合成场景 0530：使用第26天，单次2泵。）,珀莱雅,双抗精华,模拟小红书,2026-08-26,,合成演示数据
SYN0531,敏感肌用着温和，不刺激，没有泛红。（合成场景 0531：使用第27天，单次3泵。）,珀莱雅,源力精华,模拟京东,2026-08-27,,合成演示数据
SYN0532,吸收慢，摸起来黏黏的，希望肤感更清爽。（合成场景 0532：使用第28天，单次1泵。）,竞品示例,修护精华,模拟抖音,2026-08-28,,合成演示数据
SYN0533,上脸烫但不是过敏，晚上用完有些泛红，希望更温和一点。（合成场景 0533：使用第1天，单次2泵。）,珀莱雅,红宝石面霜,模拟天猫,2026-08-01,,合成演示数据
SYN0534,化妆前叠涂防晒会搓泥，想要更容易搭配底妆。（合成场景 0534：使用第2天，单次3泵。）,珀莱雅,双抗精华,模拟小红书,2026-08-02,,合成演示数据
SYN0535,敏感肌用着温和，不刺激，没有泛红。（合成场景 0535：使用第3天，单次1泵。）,珀莱雅,源力精华,模拟京东,2026-08-03,,合成演示数据
SYN0536,价格高，活动后又涨价，日常买不划算。（合成场景 0536：使用第4天，单次2泵。）,竞品示例,修护精华,模拟抖音,2026-08-04,,合成演示数据
SYN0537,泵头按不出，瓶口还漏液，希望改善包装。（合成场景 0537：使用第5天，单次3泵。）,珀莱雅,红宝石面霜,模拟天猫,2026-08-05,,合成演示数据
SYN0538,保湿好但是叠涂搓泥，希望解决搭配问题。（合成场景 0538：使用第6天，单次1泵。）,珀莱雅,双抗精华,模拟小红书,2026-08-06,,合成演示数据
SYN0539,泵头按不出，瓶口还漏液，希望改善包装。（合成场景 0539：使用第7天，单次2泵。）,珀莱雅,源力精华,模拟京东,2026-08-07,,合成演示数据
SYN0540,价格高，活动后又涨价，日常买不划算。（合成场景 0540：使用第8天，单次3泵。）,竞品示例,修护精华,模拟抖音,2026-08-08,,合成演示数据
SYN0541,敏感肌用着温和，不刺激，没有泛红。（合成场景 0541：使用第9天，单次1泵。）,珀莱雅,红宝石面霜,模拟天猫,2026-08-09,,合成演示数据
SYN0542,早上用吸收快，肤感清爽，化妆前也好用。（合成场景 0542：使用第10天，单次2泵。）,珀莱雅,双抗精华,模拟小红书,2026-08-10,,合成演示数据
SYN0543,化妆前叠涂防晒会搓泥，想要更容易搭配底妆。（合成场景 0543：使用第11天，单次3泵。）,珀莱雅,源力精华,模拟京东,2026-08-11,,合成演示数据
SYN0544,价格高，活动后又涨价，日常买不划算。（合成场景 0544：使用第12天，单次1泵。）,竞品示例,修护精华,模拟抖音,2026-08-12,,合成演示数据
SYN0545,敏感肌用着温和，不刺激，没有泛红。（合成场景 0545：使用第13天，单次2泵。）,珀莱雅,红宝石面霜,模拟天猫,2026-08-13,,合成演示数据
SYN0546,换季脸还是干燥紧绷，希望保湿更持久。（合成场景 0546：使用第14天，单次3泵。）,珀莱雅,双抗精华,模拟小红书,2026-08-14,,合成演示数据
SYN0547,吸收慢，摸起来黏黏的，希望肤感更清爽。（合成场景 0547：使用第15天，单次1泵。）,珀莱雅,源力精华,模拟京东,2026-08-15,,合成演示数据
SYN0548,上脸烫但不是过敏，晚上用完有些泛红，希望更温和一点。（合成场景 0548：使用第16天，单次2泵。）,竞品示例,修护精华,模拟抖音,2026-08-16,,合成演示数据
SYN0549,保湿好但是叠涂搓泥，希望解决搭配问题。（合成场景 0549：使用第17天，单次3泵。）,珀莱雅,红宝石面霜,模拟天猫,2026-08-17,,合成演示数据
SYN0550,价格高，活动后又涨价，日常买不划算。（合成场景 0550：使用第18天，单次1泵。）,珀莱雅,双抗精华,模拟小红书,2026-08-18,,合成演示数据
SYN0551,上脸烫但不是过敏，晚上用完有些泛红，希望更温和一点。（合成场景 0551：使用第19天，单次2泵。）,珀莱雅,源力精华,模拟京东,2026-08-19,,合成演示数据
SYN0552,早上用吸收快，肤感清爽，化妆前也好用。（合成场景 0552：使用第20天，单次3泵。）,竞品示例,修护精华,模拟抖音,2026-08-20,,合成演示数据
SYN0553,早上用吸收快，肤感清爽，化妆前也好用。（合成场景 0553：使用第21天，单次1泵。）,珀莱雅,红宝石面霜,模拟天猫,2026-08-21,,合成演示数据
SYN0554,某国货早C晚A太刺激，已经停用，想要低刺激的选择。（合成场景 0554：使用第22天，单次2泵。）,未指明,未指明,模拟小红书,2026-08-22,,合成演示数据
SYN0555,保湿好但是叠涂搓泥，希望解决搭配问题。（合成场景 0555：使用第23天，单次3泵。）,珀莱雅,源力精华,模拟京东,2026-08-23,,合成演示数据
SYN0556,保湿好但是叠涂搓泥，希望解决搭配问题。（合成场景 0556：使用第24天，单次1泵。）,竞品示例,修护精华,模拟抖音,2026-08-24,,合成演示数据
SYN0557,保湿好但是叠涂搓泥，希望解决搭配问题。（合成场景 0557：使用第25天，单次2泵。）,珀莱雅,红宝石面霜,模拟天猫,2026-08-25,,合成演示数据
SYN0558,某国货早C晚A太刺激，已经停用，想要低刺激的选择。（合成场景 0558：使用第26天，单次3泵。）,未指明,未指明,模拟小红书,2026-08-26,,合成演示数据
SYN0559,换季脸还是干燥紧绷，希望保湿更持久。（合成场景 0559：使用第27天，单次1泵。）,珀莱雅,源力精华,模拟京东,2026-08-27,,合成演示数据
SYN0560,泵头按不出，瓶口还漏液，希望改善包装。（合成场景 0560：使用第28天，单次2泵。）,竞品示例,修护精华,模拟抖音,2026-08-28,,合成演示数据
SYN0561,价格高，活动后又涨价，日常买不划算。（合成场景 0561：使用第1天，单次3泵。）,珀莱雅,红宝石面霜,模拟天猫,2026-08-01,,合成演示数据
SYN0562,化妆前叠涂防晒会搓泥，想要更容易搭配底妆。（合成场景 0562：使用第2天，单次1泵。）,珀莱雅,双抗精华,模拟小红书,2026-08-02,,合成演示数据
SYN0563,某国货早C晚A太刺激，已经停用，想要低刺激的选择。（合成场景 0563：使用第3天，单次2泵。）,未指明,未指明,模拟京东,2026-08-03,,合成演示数据
SYN0564,泵头按不出，瓶口还漏液，希望改善包装。（合成场景 0564：使用第4天，单次3泵。）,竞品示例,修护精华,模拟抖音,2026-08-04,,合成演示数据
SYN0565,敏感肌用着温和，不刺激，没有泛红。（合成场景 0565：使用第5天，单次1泵。）,珀莱雅,红宝石面霜,模拟天猫,2026-08-05,,合成演示数据
SYN0566,泵头按不出，瓶口还漏液，希望改善包装。（合成场景 0566：使用第6天，单次2泵。）,珀莱雅,双抗精华,模拟小红书,2026-08-06,,合成演示数据
SYN0567,某国货早C晚A太刺激，已经停用，想要低刺激的选择。（合成场景 0567：使用第7天，单次3泵。）,未指明,未指明,模拟京东,2026-08-07,,合成演示数据
SYN0568,化妆前叠涂防晒会搓泥，想要更容易搭配底妆。（合成场景 0568：使用第8天，单次1泵。）,竞品示例,修护精华,模拟抖音,2026-08-08,,合成演示数据
SYN0569,保湿好但是叠涂搓泥，希望解决搭配问题。（合成场景 0569：使用第9天，单次2泵。）,珀莱雅,红宝石面霜,模拟天猫,2026-08-09,,合成演示数据
SYN0570,吸收慢，摸起来黏黏的，希望肤感更清爽。（合成场景 0570：使用第10天，单次3泵。）,珀莱雅,双抗精华,模拟小红书,2026-08-10,,合成演示数据
SYN0571,早上用吸收快，肤感清爽，化妆前也好用。（合成场景 0571：使用第11天，单次1泵。）,珀莱雅,源力精华,模拟京东,2026-08-11,,合成演示数据
SYN0572,吸收慢，摸起来黏黏的，希望肤感更清爽。（合成场景 0572：使用第12天，单次2泵。）,竞品示例,修护精华,模拟抖音,2026-08-12,,合成演示数据
SYN0573,某国货早C晚A太刺激，已经停用，想要低刺激的选择。（合成场景 0573：使用第13天，单次3泵。）,未指明,未指明,模拟天猫,2026-08-13,,合成演示数据
SYN0574,价格高，活动后又涨价，日常买不划算。（合成场景 0574：使用第14天，单次1泵。）,珀莱雅,双抗精华,模拟小红书,2026-08-14,,合成演示数据
SYN0575,泵头按不出，瓶口还漏液，希望改善包装。（合成场景 0575：使用第15天，单次2泵。）,珀莱雅,源力精华,模拟京东,2026-08-15,,合成演示数据
SYN0576,价格高，活动后又涨价，日常买不划算。（合成场景 0576：使用第16天，单次3泵。）,竞品示例,修护精华,模拟抖音,2026-08-16,,合成演示数据
SYN0577,保湿好但是叠涂搓泥，希望解决搭配问题。（合成场景 0577：使用第17天，单次1泵。）,珀莱雅,红宝石面霜,模拟天猫,2026-08-17,,合成演示数据
SYN0578,吸收慢，摸起来黏黏的，希望肤感更清爽。（合成场景 0578：使用第18天，单次2泵。）,珀莱雅,双抗精华,模拟小红书,2026-08-18,,合成演示数据
SYN0579,早上用吸收快，肤感清爽，化妆前也好用。（合成场景 0579：使用第19天，单次3泵。）,珀莱雅,源力精华,模拟京东,2026-08-19,,合成演示数据
SYN0580,油皮用了以后闷痘，鼻翼长了闭口，已经停用。（合成场景 0580：使用第20天，单次1泵。）,竞品示例,修护精华,模拟抖音,2026-08-20,,合成演示数据
SYN0581,换季脸还是干燥紧绷，希望保湿更持久。（合成场景 0581：使用第21天，单次2泵。）,珀莱雅,红宝石面霜,模拟天猫,2026-08-21,,合成演示数据
SYN0582,价格高，活动后又涨价，日常买不划算。（合成场景 0582：使用第22天，单次3泵。）,珀莱雅,双抗精华,模拟小红书,2026-08-22,,合成演示数据
SYN0583,某国货早C晚A太刺激，已经停用，想要低刺激的选择。（合成场景 0583：使用第23天，单次1泵。）,未指明,未指明,模拟京东,2026-08-23,,合成演示数据
SYN0584,价格高，活动后又涨价，日常买不划算。（合成场景 0584：使用第24天，单次2泵。）,竞品示例,修护精华,模拟抖音,2026-08-24,,合成演示数据
SYN0585,某国货早C晚A太刺激，已经停用，想要低刺激的选择。（合成场景 0585：使用第25天，单次3泵。）,未指明,未指明,模拟天猫,2026-08-25,,合成演示数据
SYN0586,保湿好但是叠涂搓泥，希望解决搭配问题。（合成场景 0586：使用第26天，单次1泵。）,珀莱雅,双抗精华,模拟小红书,2026-08-26,,合成演示数据
SYN0587,油皮用了以后闷痘，鼻翼长了闭口，已经停用。（合成场景 0587：使用第27天，单次2泵。）,珀莱雅,源力精华,模拟京东,2026-08-27,,合成演示数据
SYN0588,敏感肌用着温和，不刺激，没有泛红。（合成场景 0588：使用第28天，单次3泵。）,竞品示例,修护精华,模拟抖音,2026-08-28,,合成演示数据
SYN0589,敏感肌用着温和，不刺激，没有泛红。（合成场景 0589：使用第1天，单次1泵。）,珀莱雅,红宝石面霜,模拟天猫,2026-08-01,,合成演示数据
SYN0590,吸收慢，摸起来黏黏的，希望肤感更清爽。（合成场景 0590：使用第2天，单次2泵。）,珀莱雅,双抗精华,模拟小红书,2026-08-02,,合成演示数据
SYN0591,价格高，活动后又涨价，日常买不划算。（合成场景 0591：使用第3天，单次3泵。）,珀莱雅,源力精华,模拟京东,2026-08-03,,合成演示数据
SYN0592,早上用吸收快，肤感清爽，化妆前也好用。（合成场景 0592：使用第4天，单次1泵。）,竞品示例,修护精华,模拟抖音,2026-08-04,,合成演示数据
SYN0593,上脸烫但不是过敏，晚上用完有些泛红，希望更温和一点。（合成场景 0593：使用第5天，单次2泵。）,珀莱雅,红宝石面霜,模拟天猫,2026-08-05,,合成演示数据
SYN0594,吸收慢，摸起来黏黏的，希望肤感更清爽。（合成场景 0594：使用第6天，单次3泵。）,珀莱雅,双抗精华,模拟小红书,2026-08-06,,合成演示数据
SYN0595,吸收慢，摸起来黏黏的，希望肤感更清爽。（合成场景 0595：使用第7天，单次1泵。）,珀莱雅,源力精华,模拟京东,2026-08-07,,合成演示数据
SYN0596,换季脸还是干燥紧绷，希望保湿更持久。（合成场景 0596：使用第8天，单次2泵。）,竞品示例,修护精华,模拟抖音,2026-08-08,,合成演示数据
SYN0597,价格高，活动后又涨价，日常买不划算。（合成场景 0597：使用第9天，单次3泵。）,珀莱雅,红宝石面霜,模拟天猫,2026-08-09,,合成演示数据
SYN0598,敏感肌用着温和，不刺激，没有泛红。（合成场景 0598：使用第10天，单次1泵。）,珀莱雅,双抗精华,模拟小红书,2026-08-10,,合成演示数据
SYN0599,敏感肌用着温和，不刺激，没有泛红。（合成场景 0599：使用第11天，单次2泵。）,珀莱雅,源力精华,模拟京东,2026-08-11,,合成演示数据
SYN0600,某国货早C晚A太刺激，已经停用，想要低刺激的选择。（合成场景 0600：使用第12天，单次3泵。）,未指明,未指明,模拟抖音,2026-08-12,,合成演示数据
SYN0601,泵头按不出，瓶口还漏液，希望改善包装。（合成场景 0601：使用第13天，单次1泵。）,珀莱雅,红宝石面霜,模拟天猫,2026-08-13,,合成演示数据
SYN0602,用了三周没变化，细纹改善不明显，希望说明见效周期。（合成场景 0602：使用第14天，单次2泵。）,珀莱雅,双抗精华,模拟小红书,2026-08-14,,合成演示数据
SYN0603,用了三周没变化，细纹改善不明显，希望说明见效周期。（合成场景 0603：使用第15天，单次3泵。）,珀莱雅,源力精华,模拟京东,2026-08-15,,合成演示数据
SYN0604,用了三周没变化，细纹改善不明显，希望说明见效周期。（合成场景 0604：使用第16天，单次1泵。）,竞品示例,修护精华,模拟抖音,2026-08-16,,合成演示数据
SYN0605,某国货早C晚A太刺激，已经停用，想要低刺激的选择。（合成场景 0605：使用第17天，单次2泵。）,未指明,未指明,模拟天猫,2026-08-17,,合成演示数据
SYN0606,换季脸还是干燥紧绷，希望保湿更持久。（合成场景 0606：使用第18天，单次3泵。）,珀莱雅,双抗精华,模拟小红书,2026-08-18,,合成演示数据
SYN0607,早上用吸收快，肤感清爽，化妆前也好用。（合成场景 0607：使用第19天，单次1泵。）,珀莱雅,源力精华,模拟京东,2026-08-19,,合成演示数据
SYN0608,用了三周没变化，细纹改善不明显，希望说明见效周期。（合成场景 0608：使用第20天，单次2泵。）,竞品示例,修护精华,模拟抖音,2026-08-20,,合成演示数据
SYN0609,保湿好但是叠涂搓泥，希望解决搭配问题。（合成场景 0609：使用第21天，单次3泵。）,珀莱雅,红宝石面霜,模拟天猫,2026-08-21,,合成演示数据
SYN0610,油皮用了以后闷痘，鼻翼长了闭口，已经停用。（合成场景 0610：使用第22天，单次1泵。）,珀莱雅,双抗精华,模拟小红书,2026-08-22,,合成演示数据
SYN0611,某国货早C晚A太刺激，已经停用，想要低刺激的选择。（合成场景 0611：使用第23天，单次2泵。）,未指明,未指明,模拟京东,2026-08-23,,合成演示数据
SYN0612,化妆前叠涂防晒会搓泥，想要更容易搭配底妆。（合成场景 0612：使用第24天，单次3泵。）,竞品示例,修护精华,模拟抖音,2026-08-24,,合成演示数据
SYN0613,吸收慢，摸起来黏黏的，希望肤感更清爽。（合成场景 0613：使用第25天，单次1泵。）,珀莱雅,红宝石面霜,模拟天猫,2026-08-25,,合成演示数据
SYN0614,早上用吸收快，肤感清爽，化妆前也好用。（合成场景 0614：使用第26天，单次2泵。）,珀莱雅,双抗精华,模拟小红书,2026-08-26,,合成演示数据
SYN0615,某国货早C晚A太刺激，已经停用，想要低刺激的选择。（合成场景 0615：使用第27天，单次3泵。）,未指明,未指明,模拟京东,2026-08-27,,合成演示数据
SYN0616,某国货早C晚A太刺激，已经停用，想要低刺激的选择。（合成场景 0616：使用第28天，单次1泵。）,未指明,未指明,模拟抖音,2026-08-28,,合成演示数据
SYN0617,敏感肌用着温和，不刺激，没有泛红。（合成场景 0617：使用第1天，单次2泵。）,珀莱雅,红宝石面霜,模拟天猫,2026-08-01,,合成演示数据
SYN0618,泵头按不出，瓶口还漏液，希望改善包装。（合成场景 0618：使用第2天，单次3泵。）,珀莱雅,双抗精华,模拟小红书,2026-08-02,,合成演示数据
SYN0619,化妆前叠涂防晒会搓泥，想要更容易搭配底妆。（合成场景 0619：使用第3天，单次1泵。）,珀莱雅,源力精华,模拟京东,2026-08-03,,合成演示数据
SYN0620,换季脸还是干燥紧绷，希望保湿更持久。（合成场景 0620：使用第4天，单次2泵。）,竞品示例,修护精华,模拟抖音,2026-08-04,,合成演示数据
SYN0621,某国货早C晚A太刺激，已经停用，想要低刺激的选择。（合成场景 0621：使用第5天，单次3泵。）,未指明,未指明,模拟天猫,2026-08-05,,合成演示数据
SYN0622,吸收慢，摸起来黏黏的，希望肤感更清爽。（合成场景 0622：使用第6天，单次1泵。）,珀莱雅,双抗精华,模拟小红书,2026-08-06,,合成演示数据
SYN0623,换季脸还是干燥紧绷，希望保湿更持久。（合成场景 0623：使用第7天，单次2泵。）,珀莱雅,源力精华,模拟京东,2026-08-07,,合成演示数据
SYN0624,换季脸还是干燥紧绷，希望保湿更持久。（合成场景 0624：使用第8天，单次3泵。）,竞品示例,修护精华,模拟抖音,2026-08-08,,合成演示数据
SYN0625,油皮用了以后闷痘，鼻翼长了闭口，已经停用。（合成场景 0625：使用第9天，单次1泵。）,珀莱雅,红宝石面霜,模拟天猫,2026-08-09,,合成演示数据
SYN0626,上脸烫但不是过敏，晚上用完有些泛红，希望更温和一点。（合成场景 0626：使用第10天，单次2泵。）,珀莱雅,双抗精华,模拟小红书,2026-08-10,,合成演示数据
SYN0627,上脸烫但不是过敏，晚上用完有些泛红，希望更温和一点。（合成场景 0627：使用第11天，单次3泵。）,珀莱雅,源力精华,模拟京东,2026-08-11,,合成演示数据
SYN0628,换季脸还是干燥紧绷，希望保湿更持久。（合成场景 0628：使用第12天，单次1泵。）,竞品示例,修护精华,模拟抖音,2026-08-12,,合成演示数据
SYN0629,用了三周没变化，细纹改善不明显，希望说明见效周期。（合成场景 0629：使用第13天，单次2泵。）,珀莱雅,红宝石面霜,模拟天猫,2026-08-13,,合成演示数据
SYN0630,敏感肌用着温和，不刺激，没有泛红。（合成场景 0630：使用第14天，单次3泵。）,珀莱雅,双抗精华,模拟小红书,2026-08-14,,合成演示数据
SYN0631,化妆前叠涂防晒会搓泥，想要更容易搭配底妆。（合成场景 0631：使用第15天，单次1泵。）,珀莱雅,源力精华,模拟京东,2026-08-15,,合成演示数据
SYN0632,用了三周没变化，细纹改善不明显，希望说明见效周期。（合成场景 0632：使用第16天，单次2泵。）,竞品示例,修护精华,模拟抖音,2026-08-16,,合成演示数据
SYN0633,价格高，活动后又涨价，日常买不划算。（合成场景 0633：使用第17天，单次3泵。）,珀莱雅,红宝石面霜,模拟天猫,2026-08-17,,合成演示数据
SYN0634,某国货早C晚A太刺激，已经停用，想要低刺激的选择。（合成场景 0634：使用第18天，单次1泵。）,未指明,未指明,模拟小红书,2026-08-18,,合成演示数据
SYN0635,敏感肌用着温和，不刺激，没有泛红。（合成场景 0635：使用第19天，单次2泵。）,珀莱雅,源力精华,模拟京东,2026-08-19,,合成演示数据
SYN0636,换季脸还是干燥紧绷，希望保湿更持久。（合成场景 0636：使用第20天，单次3泵。）,竞品示例,修护精华,模拟抖音,2026-08-20,,合成演示数据
SYN0637,保湿好但是叠涂搓泥，希望解决搭配问题。（合成场景 0637：使用第21天，单次1泵。）,珀莱雅,红宝石面霜,模拟天猫,2026-08-21,,合成演示数据
SYN0638,保湿好但是叠涂搓泥，希望解决搭配问题。（合成场景 0638：使用第22天，单次2泵。）,珀莱雅,双抗精华,模拟小红书,2026-08-22,,合成演示数据
SYN0639,价格高，活动后又涨价，日常买不划算。（合成场景 0639：使用第23天，单次3泵。）,珀莱雅,源力精华,模拟京东,2026-08-23,,合成演示数据
SYN0640,用了三周没变化，细纹改善不明显，希望说明见效周期。（合成场景 0640：使用第24天，单次1泵。）,竞品示例,修护精华,模拟抖音,2026-08-24,,合成演示数据
SYN0641,价格高，活动后又涨价，日常买不划算。（合成场景 0641：使用第25天，单次2泵。）,珀莱雅,红宝石面霜,模拟天猫,2026-08-25,,合成演示数据
SYN0642,换季脸还是干燥紧绷，希望保湿更持久。（合成场景 0642：使用第26天，单次3泵。）,珀莱雅,双抗精华,模拟小红书,2026-08-26,,合成演示数据
SYN0643,油皮用了以后闷痘，鼻翼长了闭口，已经停用。（合成场景 0643：使用第27天，单次1泵。）,珀莱雅,源力精华,模拟京东,2026-08-27,,合成演示数据
SYN0644,某国货早C晚A太刺激，已经停用，想要低刺激的选择。（合成场景 0644：使用第28天，单次2泵。）,未指明,未指明,模拟抖音,2026-08-28,,合成演示数据
SYN0645,保湿好但是叠涂搓泥，希望解决搭配问题。（合成场景 0645：使用第1天，单次3泵。）,珀莱雅,红宝石面霜,模拟天猫,2026-08-01,,合成演示数据
SYN0646,上脸烫但不是过敏，晚上用完有些泛红，希望更温和一点。（合成场景 0646：使用第2天，单次1泵。）,珀莱雅,双抗精华,模拟小红书,2026-08-02,,合成演示数据
SYN0647,化妆前叠涂防晒会搓泥，想要更容易搭配底妆。（合成场景 0647：使用第3天，单次2泵。）,珀莱雅,源力精华,模拟京东,2026-08-03,,合成演示数据
SYN0648,价格高，活动后又涨价，日常买不划算。（合成场景 0648：使用第4天，单次3泵。）,竞品示例,修护精华,模拟抖音,2026-08-04,,合成演示数据
SYN0649,换季脸还是干燥紧绷，希望保湿更持久。（合成场景 0649：使用第5天，单次1泵。）,珀莱雅,红宝石面霜,模拟天猫,2026-08-05,,合成演示数据
SYN0650,油皮用了以后闷痘，鼻翼长了闭口，已经停用。（合成场景 0650：使用第6天，单次2泵。）,珀莱雅,双抗精华,模拟小红书,2026-08-06,,合成演示数据
SYN0651,保湿好但是叠涂搓泥，希望解决搭配问题。（合成场景 0651：使用第7天，单次3泵。）,珀莱雅,源力精华,模拟京东,2026-08-07,,合成演示数据
SYN0652,早上用吸收快，肤感清爽，化妆前也好用。（合成场景 0652：使用第8天，单次1泵。）,竞品示例,修护精华,模拟抖音,2026-08-08,,合成演示数据
SYN0653,用了三周没变化，细纹改善不明显，希望说明见效周期。（合成场景 0653：使用第9天，单次2泵。）,珀莱雅,红宝石面霜,模拟天猫,2026-08-09,,合成演示数据
SYN0654,上脸烫但不是过敏，晚上用完有些泛红，希望更温和一点。（合成场景 0654：使用第10天，单次3泵。）,珀莱雅,双抗精华,模拟小红书,2026-08-10,,合成演示数据
SYN0655,早上用吸收快，肤感清爽，化妆前也好用。（合成场景 0655：使用第11天，单次1泵。）,珀莱雅,源力精华,模拟京东,2026-08-11,,合成演示数据
SYN0656,换季脸还是干燥紧绷，希望保湿更持久。（合成场景 0656：使用第12天，单次2泵。）,竞品示例,修护精华,模拟抖音,2026-08-12,,合成演示数据
SYN0657,化妆前叠涂防晒会搓泥，想要更容易搭配底妆。（合成场景 0657：使用第13天，单次3泵。）,珀莱雅,红宝石面霜,模拟天猫,2026-08-13,,合成演示数据
SYN0658,用了三周没变化，细纹改善不明显，希望说明见效周期。（合成场景 0658：使用第14天，单次1泵。）,珀莱雅,双抗精华,模拟小红书,2026-08-14,,合成演示数据
SYN0659,油皮用了以后闷痘，鼻翼长了闭口，已经停用。（合成场景 0659：使用第15天，单次2泵。）,珀莱雅,源力精华,模拟京东,2026-08-15,,合成演示数据
SYN0660,用了三周没变化，细纹改善不明显，希望说明见效周期。（合成场景 0660：使用第16天，单次3泵。）,竞品示例,修护精华,模拟抖音,2026-08-16,,合成演示数据
SYN0661,某国货早C晚A太刺激，已经停用，想要低刺激的选择。（合成场景 0661：使用第17天，单次1泵。）,未指明,未指明,模拟天猫,2026-08-17,,合成演示数据
SYN0662,早上用吸收快，肤感清爽，化妆前也好用。（合成场景 0662：使用第18天，单次2泵。）,珀莱雅,双抗精华,模拟小红书,2026-08-18,,合成演示数据
SYN0663,早上用吸收快，肤感清爽，化妆前也好用。（合成场景 0663：使用第19天，单次3泵。）,珀莱雅,源力精华,模拟京东,2026-08-19,,合成演示数据
SYN0664,敏感肌用着温和，不刺激，没有泛红。（合成场景 0664：使用第20天，单次1泵。）,竞品示例,修护精华,模拟抖音,2026-08-20,,合成演示数据
SYN0665,泵头按不出，瓶口还漏液，希望改善包装。（合成场景 0665：使用第21天，单次2泵。）,珀莱雅,红宝石面霜,模拟天猫,2026-08-21,,合成演示数据
SYN0666,用了三周没变化，细纹改善不明显，希望说明见效周期。（合成场景 0666：使用第22天，单次3泵。）,珀莱雅,双抗精华,模拟小红书,2026-08-22,,合成演示数据
SYN0667,敏感肌用着温和，不刺激，没有泛红。（合成场景 0667：使用第23天，单次1泵。）,珀莱雅,源力精华,模拟京东,2026-08-23,,合成演示数据
SYN0668,保湿好但是叠涂搓泥，希望解决搭配问题。（合成场景 0668：使用第24天，单次2泵。）,竞品示例,修护精华,模拟抖音,2026-08-24,,合成演示数据
SYN0669,早上用吸收快，肤感清爽，化妆前也好用。（合成场景 0669：使用第25天，单次3泵。）,珀莱雅,红宝石面霜,模拟天猫,2026-08-25,,合成演示数据
SYN0670,价格高，活动后又涨价，日常买不划算。（合成场景 0670：使用第26天，单次1泵。）,珀莱雅,双抗精华,模拟小红书,2026-08-26,,合成演示数据
SYN0671,早上用吸收快，肤感清爽，化妆前也好用。（合成场景 0671：使用第27天，单次2泵。）,珀莱雅,源力精华,模拟京东,2026-08-27,,合成演示数据
SYN0672,用了三周没变化，细纹改善不明显，希望说明见效周期。（合成场景 0672：使用第28天，单次3泵。）,竞品示例,修护精华,模拟抖音,2026-08-28,,合成演示数据
SYN0673,油皮用了以后闷痘，鼻翼长了闭口，已经停用。（合成场景 0673：使用第1天，单次1泵。）,珀莱雅,红宝石面霜,模拟天猫,2026-08-01,,合成演示数据
SYN0674,保湿好但是叠涂搓泥，希望解决搭配问题。（合成场景 0674：使用第2天，单次2泵。）,珀莱雅,双抗精华,模拟小红书,2026-08-02,,合成演示数据
SYN0675,用了三周没变化，细纹改善不明显，希望说明见效周期。（合成场景 0675：使用第3天，单次3泵。）,珀莱雅,源力精华,模拟京东,2026-08-03,,合成演示数据
SYN0676,用了三周没变化，细纹改善不明显，希望说明见效周期。（合成场景 0676：使用第4天，单次1泵。）,竞品示例,修护精华,模拟抖音,2026-08-04,,合成演示数据
SYN0677,吸收慢，摸起来黏黏的，希望肤感更清爽。（合成场景 0677：使用第5天，单次2泵。）,珀莱雅,红宝石面霜,模拟天猫,2026-08-05,,合成演示数据
SYN0678,换季脸还是干燥紧绷，希望保湿更持久。（合成场景 0678：使用第6天，单次3泵。）,珀莱雅,双抗精华,模拟小红书,2026-08-06,,合成演示数据
SYN0679,某国货早C晚A太刺激，已经停用，想要低刺激的选择。（合成场景 0679：使用第7天，单次1泵。）,未指明,未指明,模拟京东,2026-08-07,,合成演示数据
SYN0680,吸收慢，摸起来黏黏的，希望肤感更清爽。（合成场景 0680：使用第8天，单次2泵。）,竞品示例,修护精华,模拟抖音,2026-08-08,,合成演示数据
SYN0681,早上用吸收快，肤感清爽，化妆前也好用。（合成场景 0681：使用第9天，单次3泵。）,珀莱雅,红宝石面霜,模拟天猫,2026-08-09,,合成演示数据
SYN0682,用了三周没变化，细纹改善不明显，希望说明见效周期。（合成场景 0682：使用第10天，单次1泵。）,珀莱雅,双抗精华,模拟小红书,2026-08-10,,合成演示数据
SYN0683,某国货早C晚A太刺激，已经停用，想要低刺激的选择。（合成场景 0683：使用第11天，单次2泵。）,未指明,未指明,模拟京东,2026-08-11,,合成演示数据
SYN0684,换季脸还是干燥紧绷，希望保湿更持久。（合成场景 0684：使用第12天，单次3泵。）,竞品示例,修护精华,模拟抖音,2026-08-12,,合成演示数据
SYN0685,吸收慢，摸起来黏黏的，希望肤感更清爽。（合成场景 0685：使用第13天，单次1泵。）,珀莱雅,红宝石面霜,模拟天猫,2026-08-13,,合成演示数据
SYN0686,用了三周没变化，细纹改善不明显，希望说明见效周期。（合成场景 0686：使用第14天，单次2泵。）,珀莱雅,双抗精华,模拟小红书,2026-08-14,,合成演示数据
SYN0687,化妆前叠涂防晒会搓泥，想要更容易搭配底妆。（合成场景 0687：使用第15天，单次3泵。）,珀莱雅,源力精华,模拟京东,2026-08-15,,合成演示数据
SYN0688,保湿好但是叠涂搓泥，希望解决搭配问题。（合成场景 0688：使用第16天，单次1泵。）,竞品示例,修护精华,模拟抖音,2026-08-16,,合成演示数据
SYN0689,吸收慢，摸起来黏黏的，希望肤感更清爽。（合成场景 0689：使用第17天，单次2泵。）,珀莱雅,红宝石面霜,模拟天猫,2026-08-17,,合成演示数据
SYN0690,换季脸还是干燥紧绷，希望保湿更持久。（合成场景 0690：使用第18天，单次3泵。）,珀莱雅,双抗精华,模拟小红书,2026-08-18,,合成演示数据
SYN0691,吸收慢，摸起来黏黏的，希望肤感更清爽。（合成场景 0691：使用第19天，单次1泵。）,珀莱雅,源力精华,模拟京东,2026-08-19,,合成演示数据
SYN0692,泵头按不出，瓶口还漏液，希望改善包装。（合成场景 0692：使用第20天，单次2泵。）,竞品示例,修护精华,模拟抖音,2026-08-20,,合成演示数据
SYN0693,泵头按不出，瓶口还漏液，希望改善包装。（合成场景 0693：使用第21天，单次3泵。）,珀莱雅,红宝石面霜,模拟天猫,2026-08-21,,合成演示数据
SYN0694,早上用吸收快，肤感清爽，化妆前也好用。（合成场景 0694：使用第22天，单次1泵。）,珀莱雅,双抗精华,模拟小红书,2026-08-22,,合成演示数据
SYN0695,化妆前叠涂防晒会搓泥，想要更容易搭配底妆。（合成场景 0695：使用第23天，单次2泵。）,珀莱雅,源力精华,模拟京东,2026-08-23,,合成演示数据
SYN0696,油皮用了以后闷痘，鼻翼长了闭口，已经停用。（合成场景 0696：使用第24天，单次3泵。）,竞品示例,修护精华,模拟抖音,2026-08-24,,合成演示数据
SYN0697,油皮用了以后闷痘，鼻翼长了闭口，已经停用。（合成场景 0697：使用第25天，单次1泵。）,珀莱雅,红宝石面霜,模拟天猫,2026-08-25,,合成演示数据
SYN0698,换季脸还是干燥紧绷，希望保湿更持久。（合成场景 0698：使用第26天，单次2泵。）,珀莱雅,双抗精华,模拟小红书,2026-08-26,,合成演示数据
SYN0699,价格高，活动后又涨价，日常买不划算。（合成场景 0699：使用第27天，单次3泵。）,珀莱雅,源力精华,模拟京东,2026-08-27,,合成演示数据
SYN0700,保湿好但是叠涂搓泥，希望解决搭配问题。（合成场景 0700：使用第28天，单次1泵。）,竞品示例,修护精华,模拟抖音,2026-08-28,,合成演示数据
SYN0701,油皮用了以后闷痘，鼻翼长了闭口，已经停用。（合成场景 0701：使用第1天，单次2泵。）,珀莱雅,红宝石面霜,模拟天猫,2026-08-01,,合成演示数据
SYN0702,保湿好但是叠涂搓泥，希望解决搭配问题。（合成场景 0702：使用第2天，单次3泵。）,珀莱雅,双抗精华,模拟小红书,2026-08-02,,合成演示数据
SYN0703,换季脸还是干燥紧绷，希望保湿更持久。（合成场景 0703：使用第3天，单次1泵。）,珀莱雅,源力精华,模拟京东,2026-08-03,,合成演示数据
SYN0704,化妆前叠涂防晒会搓泥，想要更容易搭配底妆。（合成场景 0704：使用第4天，单次2泵。）,竞品示例,修护精华,模拟抖音,2026-08-04,,合成演示数据
SYN0705,价格高，活动后又涨价，日常买不划算。（合成场景 0705：使用第5天，单次3泵。）,珀莱雅,红宝石面霜,模拟天猫,2026-08-05,,合成演示数据
SYN0706,价格高，活动后又涨价，日常买不划算。（合成场景 0706：使用第6天，单次1泵。）,珀莱雅,双抗精华,模拟小红书,2026-08-06,,合成演示数据
SYN0707,泵头按不出，瓶口还漏液，希望改善包装。（合成场景 0707：使用第7天，单次2泵。）,珀莱雅,源力精华,模拟京东,2026-08-07,,合成演示数据
SYN0708,早上用吸收快，肤感清爽，化妆前也好用。（合成场景 0708：使用第8天，单次3泵。）,竞品示例,修护精华,模拟抖音,2026-08-08,,合成演示数据
SYN0709,用了三周没变化，细纹改善不明显，希望说明见效周期。（合成场景 0709：使用第9天，单次1泵。）,珀莱雅,红宝石面霜,模拟天猫,2026-08-09,,合成演示数据
SYN0710,价格高，活动后又涨价，日常买不划算。（合成场景 0710：使用第10天，单次2泵。）,珀莱雅,双抗精华,模拟小红书,2026-08-10,,合成演示数据
SYN0711,上脸烫但不是过敏，晚上用完有些泛红，希望更温和一点。（合成场景 0711：使用第11天，单次3泵。）,珀莱雅,源力精华,模拟京东,2026-08-11,,合成演示数据
SYN0712,换季脸还是干燥紧绷，希望保湿更持久。（合成场景 0712：使用第12天，单次1泵。）,竞品示例,修护精华,模拟抖音,2026-08-12,,合成演示数据
SYN0713,价格高，活动后又涨价，日常买不划算。（合成场景 0713：使用第13天，单次2泵。）,珀莱雅,红宝石面霜,模拟天猫,2026-08-13,,合成演示数据
SYN0714,价格高，活动后又涨价，日常买不划算。（合成场景 0714：使用第14天，单次3泵。）,珀莱雅,双抗精华,模拟小红书,2026-08-14,,合成演示数据
SYN0715,敏感肌用着温和，不刺激，没有泛红。（合成场景 0715：使用第15天，单次1泵。）,珀莱雅,源力精华,模拟京东,2026-08-15,,合成演示数据
SYN0716,保湿好但是叠涂搓泥，希望解决搭配问题。（合成场景 0716：使用第16天，单次2泵。）,竞品示例,修护精华,模拟抖音,2026-08-16,,合成演示数据
SYN0717,上脸烫但不是过敏，晚上用完有些泛红，希望更温和一点。（合成场景 0717：使用第17天，单次3泵。）,珀莱雅,红宝石面霜,模拟天猫,2026-08-17,,合成演示数据
SYN0718,敏感肌用着温和，不刺激，没有泛红。（合成场景 0718：使用第18天，单次1泵。）,珀莱雅,双抗精华,模拟小红书,2026-08-18,,合成演示数据
SYN0719,价格高，活动后又涨价，日常买不划算。（合成场景 0719：使用第19天，单次2泵。）,珀莱雅,源力精华,模拟京东,2026-08-19,,合成演示数据
SYN0720,用了三周没变化，细纹改善不明显，希望说明见效周期。（合成场景 0720：使用第20天，单次3泵。）,竞品示例,修护精华,模拟抖音,2026-08-20,,合成演示数据
SYN0721,上脸烫但不是过敏，晚上用完有些泛红，希望更温和一点。（合成场景 0721：使用第21天，单次1泵。）,珀莱雅,红宝石面霜,模拟天猫,2026-08-21,,合成演示数据
SYN0722,泵头按不出，瓶口还漏液，希望改善包装。（合成场景 0722：使用第22天，单次2泵。）,珀莱雅,双抗精华,模拟小红书,2026-08-22,,合成演示数据
SYN0723,吸收慢，摸起来黏黏的，希望肤感更清爽。（合成场景 0723：使用第23天，单次3泵。）,珀莱雅,源力精华,模拟京东,2026-08-23,,合成演示数据
SYN0724,价格高，活动后又涨价，日常买不划算。（合成场景 0724：使用第24天，单次1泵。）,竞品示例,修护精华,模拟抖音,2026-08-24,,合成演示数据
SYN0725,价格高，活动后又涨价，日常买不划算。（合成场景 0725：使用第25天，单次2泵。）,珀莱雅,红宝石面霜,模拟天猫,2026-08-25,,合成演示数据
SYN0726,早上用吸收快，肤感清爽，化妆前也好用。（合成场景 0726：使用第26天，单次3泵。）,珀莱雅,双抗精华,模拟小红书,2026-08-26,,合成演示数据
SYN0727,保湿好但是叠涂搓泥，希望解决搭配问题。（合成场景 0727：使用第27天，单次1泵。）,珀莱雅,源力精华,模拟京东,2026-08-27,,合成演示数据
SYN0728,保湿好但是叠涂搓泥，希望解决搭配问题。（合成场景 0728：使用第28天，单次2泵。）,竞品示例,修护精华,模拟抖音,2026-08-28,,合成演示数据
SYN0729,早上用吸收快，肤感清爽，化妆前也好用。（合成场景 0729：使用第1天，单次3泵。）,珀莱雅,红宝石面霜,模拟天猫,2026-08-01,,合成演示数据
SYN0730,敏感肌用着温和，不刺激，没有泛红。（合成场景 0730：使用第2天，单次1泵。）,珀莱雅,双抗精华,模拟小红书,2026-08-02,,合成演示数据
SYN0731,换季脸还是干燥紧绷，希望保湿更持久。（合成场景 0731：使用第3天，单次2泵。）,珀莱雅,源力精华,模拟京东,2026-08-03,,合成演示数据
SYN0732,用了三周没变化，细纹改善不明显，希望说明见效周期。（合成场景 0732：使用第4天，单次3泵。）,竞品示例,修护精华,模拟抖音,2026-08-04,,合成演示数据
SYN0733,换季脸还是干燥紧绷，希望保湿更持久。（合成场景 0733：使用第5天，单次1泵。）,珀莱雅,红宝石面霜,模拟天猫,2026-08-05,,合成演示数据
SYN0734,吸收慢，摸起来黏黏的，希望肤感更清爽。（合成场景 0734：使用第6天，单次2泵。）,珀莱雅,双抗精华,模拟小红书,2026-08-06,,合成演示数据
SYN0735,价格高，活动后又涨价，日常买不划算。（合成场景 0735：使用第7天，单次3泵。）,珀莱雅,源力精华,模拟京东,2026-08-07,,合成演示数据
SYN0736,用了三周没变化，细纹改善不明显，希望说明见效周期。（合成场景 0736：使用第8天，单次1泵。）,竞品示例,修护精华,模拟抖音,2026-08-08,,合成演示数据
SYN0737,上脸烫但不是过敏，晚上用完有些泛红，希望更温和一点。（合成场景 0737：使用第9天，单次2泵。）,珀莱雅,红宝石面霜,模拟天猫,2026-08-09,,合成演示数据
SYN0738,价格高，活动后又涨价，日常买不划算。（合成场景 0738：使用第10天，单次3泵。）,珀莱雅,双抗精华,模拟小红书,2026-08-10,,合成演示数据
SYN0739,泵头按不出，瓶口还漏液，希望改善包装。（合成场景 0739：使用第11天，单次1泵。）,珀莱雅,源力精华,模拟京东,2026-08-11,,合成演示数据
SYN0740,某国货早C晚A太刺激，已经停用，想要低刺激的选择。（合成场景 0740：使用第12天，单次2泵。）,未指明,未指明,模拟抖音,2026-08-12,,合成演示数据
SYN0741,某国货早C晚A太刺激，已经停用，想要低刺激的选择。（合成场景 0741：使用第13天，单次3泵。）,未指明,未指明,模拟天猫,2026-08-13,,合成演示数据
SYN0742,价格高，活动后又涨价，日常买不划算。（合成场景 0742：使用第14天，单次1泵。）,珀莱雅,双抗精华,模拟小红书,2026-08-14,,合成演示数据
SYN0743,保湿好但是叠涂搓泥，希望解决搭配问题。（合成场景 0743：使用第15天，单次2泵。）,珀莱雅,源力精华,模拟京东,2026-08-15,,合成演示数据
SYN0744,油皮用了以后闷痘，鼻翼长了闭口，已经停用。（合成场景 0744：使用第16天，单次3泵。）,竞品示例,修护精华,模拟抖音,2026-08-16,,合成演示数据
SYN0745,用了三周没变化，细纹改善不明显，希望说明见效周期。（合成场景 0745：使用第17天，单次1泵。）,珀莱雅,红宝石面霜,模拟天猫,2026-08-17,,合成演示数据
SYN0746,油皮用了以后闷痘，鼻翼长了闭口，已经停用。（合成场景 0746：使用第18天，单次2泵。）,珀莱雅,双抗精华,模拟小红书,2026-08-18,,合成演示数据
SYN0747,敏感肌用着温和，不刺激，没有泛红。（合成场景 0747：使用第19天，单次3泵。）,珀莱雅,源力精华,模拟京东,2026-08-19,,合成演示数据
SYN0748,早上用吸收快，肤感清爽，化妆前也好用。（合成场景 0748：使用第20天，单次1泵。）,竞品示例,修护精华,模拟抖音,2026-08-20,,合成演示数据
SYN0749,上脸烫但不是过敏，晚上用完有些泛红，希望更温和一点。（合成场景 0749：使用第21天，单次2泵。）,珀莱雅,红宝石面霜,模拟天猫,2026-08-21,,合成演示数据
SYN0750,价格高，活动后又涨价，日常买不划算。（合成场景 0750：使用第22天，单次3泵。）,珀莱雅,双抗精华,模拟小红书,2026-08-22,,合成演示数据
SYN0751,敏感肌用着温和，不刺激，没有泛红。（合成场景 0751：使用第23天，单次1泵。）,珀莱雅,源力精华,模拟京东,2026-08-23,,合成演示数据
SYN0752,敏感肌用着温和，不刺激，没有泛红。（合成场景 0752：使用第24天，单次2泵。）,竞品示例,修护精华,模拟抖音,2026-08-24,,合成演示数据
SYN0753,某国货早C晚A太刺激，已经停用，想要低刺激的选择。（合成场景 0753：使用第25天，单次3泵。）,未指明,未指明,模拟天猫,2026-08-25,,合成演示数据
SYN0754,上脸烫但不是过敏，晚上用完有些泛红，希望更温和一点。（合成场景 0754：使用第26天，单次1泵。）,珀莱雅,双抗精华,模拟小红书,2026-08-26,,合成演示数据
SYN0755,化妆前叠涂防晒会搓泥，想要更容易搭配底妆。（合成场景 0755：使用第27天，单次2泵。）,珀莱雅,源力精华,模拟京东,2026-08-27,,合成演示数据
SYN0756,某国货早C晚A太刺激，已经停用，想要低刺激的选择。（合成场景 0756：使用第28天，单次3泵。）,未指明,未指明,模拟抖音,2026-08-28,,合成演示数据
SYN0757,价格高，活动后又涨价，日常买不划算。（合成场景 0757：使用第1天，单次1泵。）,珀莱雅,红宝石面霜,模拟天猫,2026-08-01,,合成演示数据
SYN0758,油皮用了以后闷痘，鼻翼长了闭口，已经停用。（合成场景 0758：使用第2天，单次2泵。）,珀莱雅,双抗精华,模拟小红书,2026-08-02,,合成演示数据
SYN0759,用了三周没变化，细纹改善不明显，希望说明见效周期。（合成场景 0759：使用第3天，单次3泵。）,珀莱雅,源力精华,模拟京东,2026-08-03,,合成演示数据
SYN0760,油皮用了以后闷痘，鼻翼长了闭口，已经停用。（合成场景 0760：使用第4天，单次1泵。）,竞品示例,修护精华,模拟抖音,2026-08-04,,合成演示数据
SYN0761,上脸烫但不是过敏，晚上用完有些泛红，希望更温和一点。（合成场景 0761：使用第5天，单次2泵。）,珀莱雅,红宝石面霜,模拟天猫,2026-08-05,,合成演示数据
SYN0762,吸收慢，摸起来黏黏的，希望肤感更清爽。（合成场景 0762：使用第6天，单次3泵。）,珀莱雅,双抗精华,模拟小红书,2026-08-06,,合成演示数据
SYN0763,价格高，活动后又涨价，日常买不划算。（合成场景 0763：使用第7天，单次1泵。）,珀莱雅,源力精华,模拟京东,2026-08-07,,合成演示数据
SYN0764,泵头按不出，瓶口还漏液，希望改善包装。（合成场景 0764：使用第8天，单次2泵。）,竞品示例,修护精华,模拟抖音,2026-08-08,,合成演示数据
SYN0765,换季脸还是干燥紧绷，希望保湿更持久。（合成场景 0765：使用第9天，单次3泵。）,珀莱雅,红宝石面霜,模拟天猫,2026-08-09,,合成演示数据
SYN0766,用了三周没变化，细纹改善不明显，希望说明见效周期。（合成场景 0766：使用第10天，单次1泵。）,珀莱雅,双抗精华,模拟小红书,2026-08-10,,合成演示数据
SYN0767,泵头按不出，瓶口还漏液，希望改善包装。（合成场景 0767：使用第11天，单次2泵。）,珀莱雅,源力精华,模拟京东,2026-08-11,,合成演示数据
SYN0768,泵头按不出，瓶口还漏液，希望改善包装。（合成场景 0768：使用第12天，单次3泵。）,竞品示例,修护精华,模拟抖音,2026-08-12,,合成演示数据
SYN0769,价格高，活动后又涨价，日常买不划算。（合成场景 0769：使用第13天，单次1泵。）,珀莱雅,红宝石面霜,模拟天猫,2026-08-13,,合成演示数据
SYN0770,吸收慢，摸起来黏黏的，希望肤感更清爽。（合成场景 0770：使用第14天，单次2泵。）,珀莱雅,双抗精华,模拟小红书,2026-08-14,,合成演示数据
SYN0771,价格高，活动后又涨价，日常买不划算。（合成场景 0771：使用第15天，单次3泵。）,珀莱雅,源力精华,模拟京东,2026-08-15,,合成演示数据
SYN0772,吸收慢，摸起来黏黏的，希望肤感更清爽。（合成场景 0772：使用第16天，单次1泵。）,竞品示例,修护精华,模拟抖音,2026-08-16,,合成演示数据
SYN0773,化妆前叠涂防晒会搓泥，想要更容易搭配底妆。（合成场景 0773：使用第17天，单次2泵。）,珀莱雅,红宝石面霜,模拟天猫,2026-08-17,,合成演示数据
SYN0774,用了三周没变化，细纹改善不明显，希望说明见效周期。（合成场景 0774：使用第18天，单次3泵。）,珀莱雅,双抗精华,模拟小红书,2026-08-18,,合成演示数据
SYN0775,上脸烫但不是过敏，晚上用完有些泛红，希望更温和一点。（合成场景 0775：使用第19天，单次1泵。）,珀莱雅,源力精华,模拟京东,2026-08-19,,合成演示数据
SYN0776,保湿好但是叠涂搓泥，希望解决搭配问题。（合成场景 0776：使用第20天，单次2泵。）,竞品示例,修护精华,模拟抖音,2026-08-20,,合成演示数据
SYN0777,早上用吸收快，肤感清爽，化妆前也好用。（合成场景 0777：使用第21天，单次3泵。）,珀莱雅,红宝石面霜,模拟天猫,2026-08-21,,合成演示数据
SYN0778,上脸烫但不是过敏，晚上用完有些泛红，希望更温和一点。（合成场景 0778：使用第22天，单次1泵。）,珀莱雅,双抗精华,模拟小红书,2026-08-22,,合成演示数据
SYN0779,泵头按不出，瓶口还漏液，希望改善包装。（合成场景 0779：使用第23天，单次2泵。）,珀莱雅,源力精华,模拟京东,2026-08-23,,合成演示数据
SYN0780,换季脸还是干燥紧绷，希望保湿更持久。（合成场景 0780：使用第24天，单次3泵。）,竞品示例,修护精华,模拟抖音,2026-08-24,,合成演示数据
SYN0781,某国货早C晚A太刺激，已经停用，想要低刺激的选择。（合成场景 0781：使用第25天，单次1泵。）,未指明,未指明,模拟天猫,2026-08-25,,合成演示数据
SYN0782,化妆前叠涂防晒会搓泥，想要更容易搭配底妆。（合成场景 0782：使用第26天，单次2泵。）,珀莱雅,双抗精华,模拟小红书,2026-08-26,,合成演示数据
SYN0783,某国货早C晚A太刺激，已经停用，想要低刺激的选择。（合成场景 0783：使用第27天，单次3泵。）,未指明,未指明,模拟京东,2026-08-27,,合成演示数据
SYN0784,上脸烫但不是过敏，晚上用完有些泛红，希望更温和一点。（合成场景 0784：使用第28天，单次1泵。）,竞品示例,修护精华,模拟抖音,2026-08-28,,合成演示数据
SYN0785,上脸烫但不是过敏，晚上用完有些泛红，希望更温和一点。（合成场景 0785：使用第1天，单次2泵。）,珀莱雅,红宝石面霜,模拟天猫,2026-08-01,,合成演示数据
SYN0786,换季脸还是干燥紧绷，希望保湿更持久。（合成场景 0786：使用第2天，单次3泵。）,珀莱雅,双抗精华,模拟小红书,2026-08-02,,合成演示数据
SYN0787,换季脸还是干燥紧绷，希望保湿更持久。（合成场景 0787：使用第3天，单次1泵。）,珀莱雅,源力精华,模拟京东,2026-08-03,,合成演示数据
SYN0788,上脸烫但不是过敏，晚上用完有些泛红，希望更温和一点。（合成场景 0788：使用第4天，单次2泵。）,竞品示例,修护精华,模拟抖音,2026-08-04,,合成演示数据
SYN0789,敏感肌用着温和，不刺激，没有泛红。（合成场景 0789：使用第5天，单次3泵。）,珀莱雅,红宝石面霜,模拟天猫,2026-08-05,,合成演示数据
SYN0790,油皮用了以后闷痘，鼻翼长了闭口，已经停用。（合成场景 0790：使用第6天，单次1泵。）,珀莱雅,双抗精华,模拟小红书,2026-08-06,,合成演示数据
SYN0791,换季脸还是干燥紧绷，希望保湿更持久。（合成场景 0791：使用第7天，单次2泵。）,珀莱雅,源力精华,模拟京东,2026-08-07,,合成演示数据
SYN0792,油皮用了以后闷痘，鼻翼长了闭口，已经停用。（合成场景 0792：使用第8天，单次3泵。）,竞品示例,修护精华,模拟抖音,2026-08-08,,合成演示数据
SYN0793,用了三周没变化，细纹改善不明显，希望说明见效周期。（合成场景 0793：使用第9天，单次1泵。）,珀莱雅,红宝石面霜,模拟天猫,2026-08-09,,合成演示数据
SYN0794,某国货早C晚A太刺激，已经停用，想要低刺激的选择。（合成场景 0794：使用第10天，单次2泵。）,未指明,未指明,模拟小红书,2026-08-10,,合成演示数据
SYN0795,化妆前叠涂防晒会搓泥，想要更容易搭配底妆。（合成场景 0795：使用第11天，单次3泵。）,珀莱雅,源力精华,模拟京东,2026-08-11,,合成演示数据
SYN0796,敏感肌用着温和，不刺激，没有泛红。（合成场景 0796：使用第12天，单次1泵。）,竞品示例,修护精华,模拟抖音,2026-08-12,,合成演示数据
SYN0797,换季脸还是干燥紧绷，希望保湿更持久。（合成场景 0797：使用第13天，单次2泵。）,珀莱雅,红宝石面霜,模拟天猫,2026-08-13,,合成演示数据
SYN0798,用了三周没变化，细纹改善不明显，希望说明见效周期。（合成场景 0798：使用第14天，单次3泵。）,珀莱雅,双抗精华,模拟小红书,2026-08-14,,合成演示数据
SYN0799,保湿好但是叠涂搓泥，希望解决搭配问题。（合成场景 0799：使用第15天，单次1泵。）,珀莱雅,源力精华,模拟京东,2026-08-15,,合成演示数据
SYN0800,吸收慢，摸起来黏黏的，希望肤感更清爽。（合成场景 0800：使用第16天，单次2泵。）,竞品示例,修护精华,模拟抖音,2026-08-16,,合成演示数据
SYN0801,泵头按不出，瓶口还漏液，希望改善包装。（合成场景 0801：使用第17天，单次3泵。）,珀莱雅,红宝石面霜,模拟天猫,2026-08-17,,合成演示数据
SYN0802,油皮用了以后闷痘，鼻翼长了闭口，已经停用。（合成场景 0802：使用第18天，单次1泵。）,珀莱雅,双抗精华,模拟小红书,2026-08-18,,合成演示数据
SYN0803,敏感肌用着温和，不刺激，没有泛红。（合成场景 0803：使用第19天，单次2泵。）,珀莱雅,源力精华,模拟京东,2026-08-19,,合成演示数据
SYN0804,敏感肌用着温和，不刺激，没有泛红。（合成场景 0804：使用第20天，单次3泵。）,竞品示例,修护精华,模拟抖音,2026-08-20,,合成演示数据
SYN0805,保湿好但是叠涂搓泥，希望解决搭配问题。（合成场景 0805：使用第21天，单次1泵。）,珀莱雅,红宝石面霜,模拟天猫,2026-08-21,,合成演示数据
SYN0806,保湿好但是叠涂搓泥，希望解决搭配问题。（合成场景 0806：使用第22天，单次2泵。）,珀莱雅,双抗精华,模拟小红书,2026-08-22,,合成演示数据
SYN0807,化妆前叠涂防晒会搓泥，想要更容易搭配底妆。（合成场景 0807：使用第23天，单次3泵。）,珀莱雅,源力精华,模拟京东,2026-08-23,,合成演示数据
SYN0808,油皮用了以后闷痘，鼻翼长了闭口，已经停用。（合成场景 0808：使用第24天，单次1泵。）,竞品示例,修护精华,模拟抖音,2026-08-24,,合成演示数据
SYN0809,吸收慢，摸起来黏黏的，希望肤感更清爽。（合成场景 0809：使用第25天，单次2泵。）,珀莱雅,红宝石面霜,模拟天猫,2026-08-25,,合成演示数据
SYN0810,化妆前叠涂防晒会搓泥，想要更容易搭配底妆。（合成场景 0810：使用第26天，单次3泵。）,珀莱雅,双抗精华,模拟小红书,2026-08-26,,合成演示数据
SYN0811,敏感肌用着温和，不刺激，没有泛红。（合成场景 0811：使用第27天，单次1泵。）,珀莱雅,源力精华,模拟京东,2026-08-27,,合成演示数据
SYN0812,上脸烫但不是过敏，晚上用完有些泛红，希望更温和一点。（合成场景 0812：使用第28天，单次2泵。）,竞品示例,修护精华,模拟抖音,2026-08-28,,合成演示数据
SYN0813,吸收慢，摸起来黏黏的，希望肤感更清爽。（合成场景 0813：使用第1天，单次3泵。）,珀莱雅,红宝石面霜,模拟天猫,2026-08-01,,合成演示数据
SYN0814,敏感肌用着温和，不刺激，没有泛红。（合成场景 0814：使用第2天，单次1泵。）,珀莱雅,双抗精华,模拟小红书,2026-08-02,,合成演示数据
SYN0815,某国货早C晚A太刺激，已经停用，想要低刺激的选择。（合成场景 0815：使用第3天，单次2泵。）,未指明,未指明,模拟京东,2026-08-03,,合成演示数据
SYN0816,价格高，活动后又涨价，日常买不划算。（合成场景 0816：使用第4天，单次3泵。）,竞品示例,修护精华,模拟抖音,2026-08-04,,合成演示数据
SYN0817,价格高，活动后又涨价，日常买不划算。（合成场景 0817：使用第5天，单次1泵。）,珀莱雅,红宝石面霜,模拟天猫,2026-08-05,,合成演示数据
SYN0818,保湿好但是叠涂搓泥，希望解决搭配问题。（合成场景 0818：使用第6天，单次2泵。）,珀莱雅,双抗精华,模拟小红书,2026-08-06,,合成演示数据
SYN0819,换季脸还是干燥紧绷，希望保湿更持久。（合成场景 0819：使用第7天，单次3泵。）,珀莱雅,源力精华,模拟京东,2026-08-07,,合成演示数据
SYN0820,化妆前叠涂防晒会搓泥，想要更容易搭配底妆。（合成场景 0820：使用第8天，单次1泵。）,竞品示例,修护精华,模拟抖音,2026-08-08,,合成演示数据
SYN0821,敏感肌用着温和，不刺激，没有泛红。（合成场景 0821：使用第9天，单次2泵。）,珀莱雅,红宝石面霜,模拟天猫,2026-08-09,,合成演示数据
SYN0822,保湿好但是叠涂搓泥，希望解决搭配问题。（合成场景 0822：使用第10天，单次3泵。）,珀莱雅,双抗精华,模拟小红书,2026-08-10,,合成演示数据
SYN0823,某国货早C晚A太刺激，已经停用，想要低刺激的选择。（合成场景 0823：使用第11天，单次1泵。）,未指明,未指明,模拟京东,2026-08-11,,合成演示数据
SYN0824,换季脸还是干燥紧绷，希望保湿更持久。（合成场景 0824：使用第12天，单次2泵。）,竞品示例,修护精华,模拟抖音,2026-08-12,,合成演示数据
SYN0825,化妆前叠涂防晒会搓泥，想要更容易搭配底妆。（合成场景 0825：使用第13天，单次3泵。）,珀莱雅,红宝石面霜,模拟天猫,2026-08-13,,合成演示数据
SYN0826,保湿好但是叠涂搓泥，希望解决搭配问题。（合成场景 0826：使用第14天，单次1泵。）,珀莱雅,双抗精华,模拟小红书,2026-08-14,,合成演示数据
SYN0827,吸收慢，摸起来黏黏的，希望肤感更清爽。（合成场景 0827：使用第15天，单次2泵。）,珀莱雅,源力精华,模拟京东,2026-08-15,,合成演示数据
SYN0828,某国货早C晚A太刺激，已经停用，想要低刺激的选择。（合成场景 0828：使用第16天，单次3泵。）,未指明,未指明,模拟抖音,2026-08-16,,合成演示数据
SYN0829,敏感肌用着温和，不刺激，没有泛红。（合成场景 0829：使用第17天，单次1泵。）,珀莱雅,红宝石面霜,模拟天猫,2026-08-17,,合成演示数据
SYN0830,化妆前叠涂防晒会搓泥，想要更容易搭配底妆。（合成场景 0830：使用第18天，单次2泵。）,珀莱雅,双抗精华,模拟小红书,2026-08-18,,合成演示数据
SYN0831,敏感肌用着温和，不刺激，没有泛红。（合成场景 0831：使用第19天，单次3泵。）,珀莱雅,源力精华,模拟京东,2026-08-19,,合成演示数据
SYN0832,上脸烫但不是过敏，晚上用完有些泛红，希望更温和一点。（合成场景 0832：使用第20天，单次1泵。）,竞品示例,修护精华,模拟抖音,2026-08-20,,合成演示数据
SYN0833,泵头按不出，瓶口还漏液，希望改善包装。（合成场景 0833：使用第21天，单次2泵。）,珀莱雅,红宝石面霜,模拟天猫,2026-08-21,,合成演示数据
SYN0834,早上用吸收快，肤感清爽，化妆前也好用。（合成场景 0834：使用第22天，单次3泵。）,珀莱雅,双抗精华,模拟小红书,2026-08-22,,合成演示数据
SYN0835,价格高，活动后又涨价，日常买不划算。（合成场景 0835：使用第23天，单次1泵。）,珀莱雅,源力精华,模拟京东,2026-08-23,,合成演示数据
SYN0836,某国货早C晚A太刺激，已经停用，想要低刺激的选择。（合成场景 0836：使用第24天，单次2泵。）,未指明,未指明,模拟抖音,2026-08-24,,合成演示数据
SYN0837,泵头按不出，瓶口还漏液，希望改善包装。（合成场景 0837：使用第25天，单次3泵。）,珀莱雅,红宝石面霜,模拟天猫,2026-08-25,,合成演示数据
SYN0838,化妆前叠涂防晒会搓泥，想要更容易搭配底妆。（合成场景 0838：使用第26天，单次1泵。）,珀莱雅,双抗精华,模拟小红书,2026-08-26,,合成演示数据
SYN0839,早上用吸收快，肤感清爽，化妆前也好用。（合成场景 0839：使用第27天，单次2泵。）,珀莱雅,源力精华,模拟京东,2026-08-27,,合成演示数据
SYN0840,某国货早C晚A太刺激，已经停用，想要低刺激的选择。（合成场景 0840：使用第28天，单次3泵。）,未指明,未指明,模拟抖音,2026-08-28,,合成演示数据
SYN0841,泵头按不出，瓶口还漏液，希望改善包装。（合成场景 0841：使用第1天，单次1泵。）,珀莱雅,红宝石面霜,模拟天猫,2026-08-01,,合成演示数据
SYN0842,上脸烫但不是过敏，晚上用完有些泛红，希望更温和一点。（合成场景 0842：使用第2天，单次2泵。）,珀莱雅,双抗精华,模拟小红书,2026-08-02,,合成演示数据
SYN0843,价格高，活动后又涨价，日常买不划算。（合成场景 0843：使用第3天，单次3泵。）,珀莱雅,源力精华,模拟京东,2026-08-03,,合成演示数据
SYN0844,用了三周没变化，细纹改善不明显，希望说明见效周期。（合成场景 0844：使用第4天，单次1泵。）,竞品示例,修护精华,模拟抖音,2026-08-04,,合成演示数据
SYN0845,化妆前叠涂防晒会搓泥，想要更容易搭配底妆。（合成场景 0845：使用第5天，单次2泵。）,珀莱雅,红宝石面霜,模拟天猫,2026-08-05,,合成演示数据
SYN0846,价格高，活动后又涨价，日常买不划算。（合成场景 0846：使用第6天，单次3泵。）,珀莱雅,双抗精华,模拟小红书,2026-08-06,,合成演示数据
SYN0847,泵头按不出，瓶口还漏液，希望改善包装。（合成场景 0847：使用第7天，单次1泵。）,珀莱雅,源力精华,模拟京东,2026-08-07,,合成演示数据
SYN0848,某国货早C晚A太刺激，已经停用，想要低刺激的选择。（合成场景 0848：使用第8天，单次2泵。）,未指明,未指明,模拟抖音,2026-08-08,,合成演示数据
SYN0849,用了三周没变化，细纹改善不明显，希望说明见效周期。（合成场景 0849：使用第9天，单次3泵。）,珀莱雅,红宝石面霜,模拟天猫,2026-08-09,,合成演示数据
SYN0850,保湿好但是叠涂搓泥，希望解决搭配问题。（合成场景 0850：使用第10天，单次1泵。）,珀莱雅,双抗精华,模拟小红书,2026-08-10,,合成演示数据
SYN0851,油皮用了以后闷痘，鼻翼长了闭口，已经停用。（合成场景 0851：使用第11天，单次2泵。）,珀莱雅,源力精华,模拟京东,2026-08-11,,合成演示数据
SYN0852,价格高，活动后又涨价，日常买不划算。（合成场景 0852：使用第12天，单次3泵。）,竞品示例,修护精华,模拟抖音,2026-08-12,,合成演示数据
SYN0853,油皮用了以后闷痘，鼻翼长了闭口，已经停用。（合成场景 0853：使用第13天，单次1泵。）,珀莱雅,红宝石面霜,模拟天猫,2026-08-13,,合成演示数据
SYN0854,保湿好但是叠涂搓泥，希望解决搭配问题。（合成场景 0854：使用第14天，单次2泵。）,珀莱雅,双抗精华,模拟小红书,2026-08-14,,合成演示数据
SYN0855,早上用吸收快，肤感清爽，化妆前也好用。（合成场景 0855：使用第15天，单次3泵。）,珀莱雅,源力精华,模拟京东,2026-08-15,,合成演示数据
SYN0856,某国货早C晚A太刺激，已经停用，想要低刺激的选择。（合成场景 0856：使用第16天，单次1泵。）,未指明,未指明,模拟抖音,2026-08-16,,合成演示数据
SYN0857,吸收慢，摸起来黏黏的，希望肤感更清爽。（合成场景 0857：使用第17天，单次2泵。）,珀莱雅,红宝石面霜,模拟天猫,2026-08-17,,合成演示数据
SYN0858,敏感肌用着温和，不刺激，没有泛红。（合成场景 0858：使用第18天，单次3泵。）,珀莱雅,双抗精华,模拟小红书,2026-08-18,,合成演示数据
SYN0859,早上用吸收快，肤感清爽，化妆前也好用。（合成场景 0859：使用第19天，单次1泵。）,珀莱雅,源力精华,模拟京东,2026-08-19,,合成演示数据
SYN0860,用了三周没变化，细纹改善不明显，希望说明见效周期。（合成场景 0860：使用第20天，单次2泵。）,竞品示例,修护精华,模拟抖音,2026-08-20,,合成演示数据
SYN0861,用了三周没变化，细纹改善不明显，希望说明见效周期。（合成场景 0861：使用第21天，单次3泵。）,珀莱雅,红宝石面霜,模拟天猫,2026-08-21,,合成演示数据
SYN0862,价格高，活动后又涨价，日常买不划算。（合成场景 0862：使用第22天，单次1泵。）,珀莱雅,双抗精华,模拟小红书,2026-08-22,,合成演示数据
SYN0863,保湿好但是叠涂搓泥，希望解决搭配问题。（合成场景 0863：使用第23天，单次2泵。）,珀莱雅,源力精华,模拟京东,2026-08-23,,合成演示数据
SYN0864,敏感肌用着温和，不刺激，没有泛红。（合成场景 0864：使用第24天，单次3泵。）,竞品示例,修护精华,模拟抖音,2026-08-24,,合成演示数据
SYN0865,吸收慢，摸起来黏黏的，希望肤感更清爽。（合成场景 0865：使用第25天，单次1泵。）,珀莱雅,红宝石面霜,模拟天猫,2026-08-25,,合成演示数据
SYN0866,泵头按不出，瓶口还漏液，希望改善包装。（合成场景 0866：使用第26天，单次2泵。）,珀莱雅,双抗精华,模拟小红书,2026-08-26,,合成演示数据
SYN0867,换季脸还是干燥紧绷，希望保湿更持久。（合成场景 0867：使用第27天，单次3泵。）,珀莱雅,源力精华,模拟京东,2026-08-27,,合成演示数据
SYN0868,化妆前叠涂防晒会搓泥，想要更容易搭配底妆。（合成场景 0868：使用第28天，单次1泵。）,竞品示例,修护精华,模拟抖音,2026-08-28,,合成演示数据
SYN0869,吸收慢，摸起来黏黏的，希望肤感更清爽。（合成场景 0869：使用第1天，单次2泵。）,珀莱雅,红宝石面霜,模拟天猫,2026-08-01,,合成演示数据
SYN0870,用了三周没变化，细纹改善不明显，希望说明见效周期。（合成场景 0870：使用第2天，单次3泵。）,珀莱雅,双抗精华,模拟小红书,2026-08-02,,合成演示数据
SYN0871,换季脸还是干燥紧绷，希望保湿更持久。（合成场景 0871：使用第3天，单次1泵。）,珀莱雅,源力精华,模拟京东,2026-08-03,,合成演示数据
SYN0872,用了三周没变化，细纹改善不明显，希望说明见效周期。（合成场景 0872：使用第4天，单次2泵。）,竞品示例,修护精华,模拟抖音,2026-08-04,,合成演示数据
SYN0873,敏感肌用着温和，不刺激，没有泛红。（合成场景 0873：使用第5天，单次3泵。）,珀莱雅,红宝石面霜,模拟天猫,2026-08-05,,合成演示数据
SYN0874,敏感肌用着温和，不刺激，没有泛红。（合成场景 0874：使用第6天，单次1泵。）,珀莱雅,双抗精华,模拟小红书,2026-08-06,,合成演示数据
SYN0875,某国货早C晚A太刺激，已经停用，想要低刺激的选择。（合成场景 0875：使用第7天，单次2泵。）,未指明,未指明,模拟京东,2026-08-07,,合成演示数据
SYN0876,价格高，活动后又涨价，日常买不划算。（合成场景 0876：使用第8天，单次3泵。）,竞品示例,修护精华,模拟抖音,2026-08-08,,合成演示数据
SYN0877,泵头按不出，瓶口还漏液，希望改善包装。（合成场景 0877：使用第9天，单次1泵。）,珀莱雅,红宝石面霜,模拟天猫,2026-08-09,,合成演示数据
SYN0878,上脸烫但不是过敏，晚上用完有些泛红，希望更温和一点。（合成场景 0878：使用第10天，单次2泵。）,珀莱雅,双抗精华,模拟小红书,2026-08-10,,合成演示数据
SYN0879,用了三周没变化，细纹改善不明显，希望说明见效周期。（合成场景 0879：使用第11天，单次3泵。）,珀莱雅,源力精华,模拟京东,2026-08-11,,合成演示数据
SYN0880,泵头按不出，瓶口还漏液，希望改善包装。（合成场景 0880：使用第12天，单次1泵。）,竞品示例,修护精华,模拟抖音,2026-08-12,,合成演示数据
SYN0881,油皮用了以后闷痘，鼻翼长了闭口，已经停用。（合成场景 0881：使用第13天，单次2泵。）,珀莱雅,红宝石面霜,模拟天猫,2026-08-13,,合成演示数据
SYN0882,用了三周没变化，细纹改善不明显，希望说明见效周期。（合成场景 0882：使用第14天，单次3泵。）,珀莱雅,双抗精华,模拟小红书,2026-08-14,,合成演示数据
SYN0883,换季脸还是干燥紧绷，希望保湿更持久。（合成场景 0883：使用第15天，单次1泵。）,珀莱雅,源力精华,模拟京东,2026-08-15,,合成演示数据
SYN0884,泵头按不出，瓶口还漏液，希望改善包装。（合成场景 0884：使用第16天，单次2泵。）,竞品示例,修护精华,模拟抖音,2026-08-16,,合成演示数据
SYN0885,吸收慢，摸起来黏黏的，希望肤感更清爽。（合成场景 0885：使用第17天，单次3泵。）,珀莱雅,红宝石面霜,模拟天猫,2026-08-17,,合成演示数据
SYN0886,泵头按不出，瓶口还漏液，希望改善包装。（合成场景 0886：使用第18天，单次1泵。）,珀莱雅,双抗精华,模拟小红书,2026-08-18,,合成演示数据
SYN0887,吸收慢，摸起来黏黏的，希望肤感更清爽。（合成场景 0887：使用第19天，单次2泵。）,珀莱雅,源力精华,模拟京东,2026-08-19,,合成演示数据
SYN0888,敏感肌用着温和，不刺激，没有泛红。（合成场景 0888：使用第20天，单次3泵。）,竞品示例,修护精华,模拟抖音,2026-08-20,,合成演示数据
SYN0889,保湿好但是叠涂搓泥，希望解决搭配问题。（合成场景 0889：使用第21天，单次1泵。）,珀莱雅,红宝石面霜,模拟天猫,2026-08-21,,合成演示数据
SYN0890,吸收慢，摸起来黏黏的，希望肤感更清爽。（合成场景 0890：使用第22天，单次2泵。）,珀莱雅,双抗精华,模拟小红书,2026-08-22,,合成演示数据
SYN0891,早上用吸收快，肤感清爽，化妆前也好用。（合成场景 0891：使用第23天，单次3泵。）,珀莱雅,源力精华,模拟京东,2026-08-23,,合成演示数据
SYN0892,上脸烫但不是过敏，晚上用完有些泛红，希望更温和一点。（合成场景 0892：使用第24天，单次1泵。）,竞品示例,修护精华,模拟抖音,2026-08-24,,合成演示数据
SYN0893,早上用吸收快，肤感清爽，化妆前也好用。（合成场景 0893：使用第25天，单次2泵。）,珀莱雅,红宝石面霜,模拟天猫,2026-08-25,,合成演示数据
SYN0894,换季脸还是干燥紧绷，希望保湿更持久。（合成场景 0894：使用第26天，单次3泵。）,珀莱雅,双抗精华,模拟小红书,2026-08-26,,合成演示数据
SYN0895,化妆前叠涂防晒会搓泥，想要更容易搭配底妆。（合成场景 0895：使用第27天，单次1泵。）,珀莱雅,源力精华,模拟京东,2026-08-27,,合成演示数据
SYN0896,换季脸还是干燥紧绷，希望保湿更持久。（合成场景 0896：使用第28天，单次2泵。）,竞品示例,修护精华,模拟抖音,2026-08-28,,合成演示数据
SYN0897,保湿好但是叠涂搓泥，希望解决搭配问题。（合成场景 0897：使用第1天，单次3泵。）,珀莱雅,红宝石面霜,模拟天猫,2026-08-01,,合成演示数据
SYN0898,价格高，活动后又涨价，日常买不划算。（合成场景 0898：使用第2天，单次1泵。）,珀莱雅,双抗精华,模拟小红书,2026-08-02,,合成演示数据
SYN0899,用了三周没变化，细纹改善不明显，希望说明见效周期。（合成场景 0899：使用第3天，单次2泵。）,珀莱雅,源力精华,模拟京东,2026-08-03,,合成演示数据
SYN0900,早上用吸收快，肤感清爽，化妆前也好用。（合成场景 0900：使用第4天，单次3泵。）,竞品示例,修护精华,模拟抖音,2026-08-04,,合成演示数据
SYN0901,换季脸还是干燥紧绷，希望保湿更持久。（合成场景 0901：使用第5天，单次1泵。）,珀莱雅,红宝石面霜,模拟天猫,2026-08-05,,合成演示数据
SYN0902,保湿好但是叠涂搓泥，希望解决搭配问题。（合成场景 0902：使用第6天，单次2泵。）,珀莱雅,双抗精华,模拟小红书,2026-08-06,,合成演示数据
SYN0903,用了三周没变化，细纹改善不明显，希望说明见效周期。（合成场景 0903：使用第7天，单次3泵。）,珀莱雅,源力精华,模拟京东,2026-08-07,,合成演示数据
SYN0904,某国货早C晚A太刺激，已经停用，想要低刺激的选择。（合成场景 0904：使用第8天，单次1泵。）,未指明,未指明,模拟抖音,2026-08-08,,合成演示数据
SYN0905,保湿好但是叠涂搓泥，希望解决搭配问题。（合成场景 0905：使用第9天，单次2泵。）,珀莱雅,红宝石面霜,模拟天猫,2026-08-09,,合成演示数据
SYN0906,用了三周没变化，细纹改善不明显，希望说明见效周期。（合成场景 0906：使用第10天，单次3泵。）,珀莱雅,双抗精华,模拟小红书,2026-08-10,,合成演示数据
SYN0907,用了三周没变化，细纹改善不明显，希望说明见效周期。（合成场景 0907：使用第11天，单次1泵。）,珀莱雅,源力精华,模拟京东,2026-08-11,,合成演示数据
SYN0908,上脸烫但不是过敏，晚上用完有些泛红，希望更温和一点。（合成场景 0908：使用第12天，单次2泵。）,竞品示例,修护精华,模拟抖音,2026-08-12,,合成演示数据
SYN0909,化妆前叠涂防晒会搓泥，想要更容易搭配底妆。（合成场景 0909：使用第13天，单次3泵。）,珀莱雅,红宝石面霜,模拟天猫,2026-08-13,,合成演示数据
SYN0910,吸收慢，摸起来黏黏的，希望肤感更清爽。（合成场景 0910：使用第14天，单次1泵。）,珀莱雅,双抗精华,模拟小红书,2026-08-14,,合成演示数据
SYN0911,换季脸还是干燥紧绷，希望保湿更持久。（合成场景 0911：使用第15天，单次2泵。）,珀莱雅,源力精华,模拟京东,2026-08-15,,合成演示数据
SYN0912,价格高，活动后又涨价，日常买不划算。（合成场景 0912：使用第16天，单次3泵。）,竞品示例,修护精华,模拟抖音,2026-08-16,,合成演示数据
SYN0913,保湿好但是叠涂搓泥，希望解决搭配问题。（合成场景 0913：使用第17天，单次1泵。）,珀莱雅,红宝石面霜,模拟天猫,2026-08-17,,合成演示数据
SYN0914,换季脸还是干燥紧绷，希望保湿更持久。（合成场景 0914：使用第18天，单次2泵。）,珀莱雅,双抗精华,模拟小红书,2026-08-18,,合成演示数据
SYN0915,吸收慢，摸起来黏黏的，希望肤感更清爽。（合成场景 0915：使用第19天，单次3泵。）,珀莱雅,源力精华,模拟京东,2026-08-19,,合成演示数据
SYN0916,某国货早C晚A太刺激，已经停用，想要低刺激的选择。（合成场景 0916：使用第20天，单次1泵。）,未指明,未指明,模拟抖音,2026-08-20,,合成演示数据
SYN0917,敏感肌用着温和，不刺激，没有泛红。（合成场景 0917：使用第21天，单次2泵。）,珀莱雅,红宝石面霜,模拟天猫,2026-08-21,,合成演示数据
SYN0918,泵头按不出，瓶口还漏液，希望改善包装。（合成场景 0918：使用第22天，单次3泵。）,珀莱雅,双抗精华,模拟小红书,2026-08-22,,合成演示数据
SYN0919,用了三周没变化，细纹改善不明显，希望说明见效周期。（合成场景 0919：使用第23天，单次1泵。）,珀莱雅,源力精华,模拟京东,2026-08-23,,合成演示数据
SYN0920,早上用吸收快，肤感清爽，化妆前也好用。（合成场景 0920：使用第24天，单次2泵。）,竞品示例,修护精华,模拟抖音,2026-08-24,,合成演示数据
SYN0921,早上用吸收快，肤感清爽，化妆前也好用。（合成场景 0921：使用第25天，单次3泵。）,珀莱雅,红宝石面霜,模拟天猫,2026-08-25,,合成演示数据
SYN0922,泵头按不出，瓶口还漏液，希望改善包装。（合成场景 0922：使用第26天，单次1泵。）,珀莱雅,双抗精华,模拟小红书,2026-08-26,,合成演示数据
SYN0923,价格高，活动后又涨价，日常买不划算。（合成场景 0923：使用第27天，单次2泵。）,珀莱雅,源力精华,模拟京东,2026-08-27,,合成演示数据
SYN0924,保湿好但是叠涂搓泥，希望解决搭配问题。（合成场景 0924：使用第28天，单次3泵。）,竞品示例,修护精华,模拟抖音,2026-08-28,,合成演示数据
SYN0925,早上用吸收快，肤感清爽，化妆前也好用。（合成场景 0925：使用第1天，单次1泵。）,珀莱雅,红宝石面霜,模拟天猫,2026-08-01,,合成演示数据
SYN0926,泵头按不出，瓶口还漏液，希望改善包装。（合成场景 0926：使用第2天，单次2泵。）,珀莱雅,双抗精华,模拟小红书,2026-08-02,,合成演示数据
SYN0927,泵头按不出，瓶口还漏液，希望改善包装。（合成场景 0927：使用第3天，单次3泵。）,珀莱雅,源力精华,模拟京东,2026-08-03,,合成演示数据
SYN0928,保湿好但是叠涂搓泥，希望解决搭配问题。（合成场景 0928：使用第4天，单次1泵。）,竞品示例,修护精华,模拟抖音,2026-08-04,,合成演示数据
SYN0929,用了三周没变化，细纹改善不明显，希望说明见效周期。（合成场景 0929：使用第5天，单次2泵。）,珀莱雅,红宝石面霜,模拟天猫,2026-08-05,,合成演示数据
SYN0930,吸收慢，摸起来黏黏的，希望肤感更清爽。（合成场景 0930：使用第6天，单次3泵。）,珀莱雅,双抗精华,模拟小红书,2026-08-06,,合成演示数据
SYN0931,吸收慢，摸起来黏黏的，希望肤感更清爽。（合成场景 0931：使用第7天，单次1泵。）,珀莱雅,源力精华,模拟京东,2026-08-07,,合成演示数据
SYN0932,吸收慢，摸起来黏黏的，希望肤感更清爽。（合成场景 0932：使用第8天，单次2泵。）,竞品示例,修护精华,模拟抖音,2026-08-08,,合成演示数据
SYN0933,换季脸还是干燥紧绷，希望保湿更持久。（合成场景 0933：使用第9天，单次3泵。）,珀莱雅,红宝石面霜,模拟天猫,2026-08-09,,合成演示数据
SYN0934,化妆前叠涂防晒会搓泥，想要更容易搭配底妆。（合成场景 0934：使用第10天，单次1泵。）,珀莱雅,双抗精华,模拟小红书,2026-08-10,,合成演示数据
SYN0935,保湿好但是叠涂搓泥，希望解决搭配问题。（合成场景 0935：使用第11天，单次2泵。）,珀莱雅,源力精华,模拟京东,2026-08-11,,合成演示数据
SYN0936,换季脸还是干燥紧绷，希望保湿更持久。（合成场景 0936：使用第12天，单次3泵。）,竞品示例,修护精华,模拟抖音,2026-08-12,,合成演示数据
SYN0937,泵头按不出，瓶口还漏液，希望改善包装。（合成场景 0937：使用第13天，单次1泵。）,珀莱雅,红宝石面霜,模拟天猫,2026-08-13,,合成演示数据
SYN0938,化妆前叠涂防晒会搓泥，想要更容易搭配底妆。（合成场景 0938：使用第14天，单次2泵。）,珀莱雅,双抗精华,模拟小红书,2026-08-14,,合成演示数据
SYN0939,保湿好但是叠涂搓泥，希望解决搭配问题。（合成场景 0939：使用第15天，单次3泵。）,珀莱雅,源力精华,模拟京东,2026-08-15,,合成演示数据
SYN0940,早上用吸收快，肤感清爽，化妆前也好用。（合成场景 0940：使用第16天，单次1泵。）,竞品示例,修护精华,模拟抖音,2026-08-16,,合成演示数据
SYN0941,保湿好但是叠涂搓泥，希望解决搭配问题。（合成场景 0941：使用第17天，单次2泵。）,珀莱雅,红宝石面霜,模拟天猫,2026-08-17,,合成演示数据
SYN0942,油皮用了以后闷痘，鼻翼长了闭口，已经停用。（合成场景 0942：使用第18天，单次3泵。）,珀莱雅,双抗精华,模拟小红书,2026-08-18,,合成演示数据
SYN0943,换季脸还是干燥紧绷，希望保湿更持久。（合成场景 0943：使用第19天，单次1泵。）,珀莱雅,源力精华,模拟京东,2026-08-19,,合成演示数据
SYN0944,换季脸还是干燥紧绷，希望保湿更持久。（合成场景 0944：使用第20天，单次2泵。）,竞品示例,修护精华,模拟抖音,2026-08-20,,合成演示数据
SYN0945,保湿好但是叠涂搓泥，希望解决搭配问题。（合成场景 0945：使用第21天，单次3泵。）,珀莱雅,红宝石面霜,模拟天猫,2026-08-21,,合成演示数据
SYN0946,用了三周没变化，细纹改善不明显，希望说明见效周期。（合成场景 0946：使用第22天，单次1泵。）,珀莱雅,双抗精华,模拟小红书,2026-08-22,,合成演示数据
SYN0947,吸收慢，摸起来黏黏的，希望肤感更清爽。（合成场景 0947：使用第23天，单次2泵。）,珀莱雅,源力精华,模拟京东,2026-08-23,,合成演示数据
SYN0948,保湿好但是叠涂搓泥，希望解决搭配问题。（合成场景 0948：使用第24天，单次3泵。）,竞品示例,修护精华,模拟抖音,2026-08-24,,合成演示数据
SYN0949,敏感肌用着温和，不刺激，没有泛红。（合成场景 0949：使用第25天，单次1泵。）,珀莱雅,红宝石面霜,模拟天猫,2026-08-25,,合成演示数据
SYN0950,早上用吸收快，肤感清爽，化妆前也好用。（合成场景 0950：使用第26天，单次2泵。）,珀莱雅,双抗精华,模拟小红书,2026-08-26,,合成演示数据
SYN0951,敏感肌用着温和，不刺激，没有泛红。（合成场景 0951：使用第27天，单次3泵。）,珀莱雅,源力精华,模拟京东,2026-08-27,,合成演示数据
SYN0952,吸收慢，摸起来黏黏的，希望肤感更清爽。（合成场景 0952：使用第28天，单次1泵。）,竞品示例,修护精华,模拟抖音,2026-08-28,,合成演示数据
SYN0953,化妆前叠涂防晒会搓泥，想要更容易搭配底妆。（合成场景 0953：使用第1天，单次2泵。）,珀莱雅,红宝石面霜,模拟天猫,2026-08-01,,合成演示数据
SYN0954,换季脸还是干燥紧绷，希望保湿更持久。（合成场景 0954：使用第2天，单次3泵。）,珀莱雅,双抗精华,模拟小红书,2026-08-02,,合成演示数据
SYN0955,吸收慢，摸起来黏黏的，希望肤感更清爽。（合成场景 0955：使用第3天，单次1泵。）,珀莱雅,源力精华,模拟京东,2026-08-03,,合成演示数据
SYN0956,换季脸还是干燥紧绷，希望保湿更持久。（合成场景 0956：使用第4天，单次2泵。）,竞品示例,修护精华,模拟抖音,2026-08-04,,合成演示数据
SYN0957,泵头按不出，瓶口还漏液，希望改善包装。（合成场景 0957：使用第5天，单次3泵。）,珀莱雅,红宝石面霜,模拟天猫,2026-08-05,,合成演示数据
SYN0958,油皮用了以后闷痘，鼻翼长了闭口，已经停用。（合成场景 0958：使用第6天，单次1泵。）,珀莱雅,双抗精华,模拟小红书,2026-08-06,,合成演示数据
SYN0959,吸收慢，摸起来黏黏的，希望肤感更清爽。（合成场景 0959：使用第7天，单次2泵。）,珀莱雅,源力精华,模拟京东,2026-08-07,,合成演示数据
SYN0960,上脸烫但不是过敏，晚上用完有些泛红，希望更温和一点。（合成场景 0960：使用第8天，单次3泵。）,竞品示例,修护精华,模拟抖音,2026-08-08,,合成演示数据
SYN0961,保湿好但是叠涂搓泥，希望解决搭配问题。（合成场景 0961：使用第9天，单次1泵。）,珀莱雅,红宝石面霜,模拟天猫,2026-08-09,,合成演示数据
SYN0962,早上用吸收快，肤感清爽，化妆前也好用。（合成场景 0962：使用第10天，单次2泵。）,珀莱雅,双抗精华,模拟小红书,2026-08-10,,合成演示数据
SYN0963,油皮用了以后闷痘，鼻翼长了闭口，已经停用。（合成场景 0963：使用第11天，单次3泵。）,珀莱雅,源力精华,模拟京东,2026-08-11,,合成演示数据
SYN0964,吸收慢，摸起来黏黏的，希望肤感更清爽。（合成场景 0964：使用第12天，单次1泵。）,竞品示例,修护精华,模拟抖音,2026-08-12,,合成演示数据
SYN0965,上脸烫但不是过敏，晚上用完有些泛红，希望更温和一点。（合成场景 0965：使用第13天，单次2泵。）,珀莱雅,红宝石面霜,模拟天猫,2026-08-13,,合成演示数据
SYN0966,上脸烫但不是过敏，晚上用完有些泛红，希望更温和一点。（合成场景 0966：使用第14天，单次3泵。）,珀莱雅,双抗精华,模拟小红书,2026-08-14,,合成演示数据
SYN0967,早上用吸收快，肤感清爽，化妆前也好用。（合成场景 0967：使用第15天，单次1泵。）,珀莱雅,源力精华,模拟京东,2026-08-15,,合成演示数据
SYN0968,吸收慢，摸起来黏黏的，希望肤感更清爽。（合成场景 0968：使用第16天，单次2泵。）,竞品示例,修护精华,模拟抖音,2026-08-16,,合成演示数据
SYN0969,保湿好但是叠涂搓泥，希望解决搭配问题。（合成场景 0969：使用第17天，单次3泵。）,珀莱雅,红宝石面霜,模拟天猫,2026-08-17,,合成演示数据
SYN0970,油皮用了以后闷痘，鼻翼长了闭口，已经停用。（合成场景 0970：使用第18天，单次1泵。）,珀莱雅,双抗精华,模拟小红书,2026-08-18,,合成演示数据
SYN0971,某国货早C晚A太刺激，已经停用，想要低刺激的选择。（合成场景 0971：使用第19天，单次2泵。）,未指明,未指明,模拟京东,2026-08-19,,合成演示数据
SYN0972,用了三周没变化，细纹改善不明显，希望说明见效周期。（合成场景 0972：使用第20天，单次3泵。）,竞品示例,修护精华,模拟抖音,2026-08-20,,合成演示数据
SYN0973,化妆前叠涂防晒会搓泥，想要更容易搭配底妆。（合成场景 0973：使用第21天，单次1泵。）,珀莱雅,红宝石面霜,模拟天猫,2026-08-21,,合成演示数据
SYN0974,上脸烫但不是过敏，晚上用完有些泛红，希望更温和一点。（合成场景 0974：使用第22天，单次2泵。）,珀莱雅,双抗精华,模拟小红书,2026-08-22,,合成演示数据
SYN0975,敏感肌用着温和，不刺激，没有泛红。（合成场景 0975：使用第23天，单次3泵。）,珀莱雅,源力精华,模拟京东,2026-08-23,,合成演示数据
SYN0976,吸收慢，摸起来黏黏的，希望肤感更清爽。（合成场景 0976：使用第24天，单次1泵。）,竞品示例,修护精华,模拟抖音,2026-08-24,,合成演示数据
SYN0977,用了三周没变化，细纹改善不明显，希望说明见效周期。（合成场景 0977：使用第25天，单次2泵。）,珀莱雅,红宝石面霜,模拟天猫,2026-08-25,,合成演示数据
SYN0978,用了三周没变化，细纹改善不明显，希望说明见效周期。（合成场景 0978：使用第26天，单次3泵。）,珀莱雅,双抗精华,模拟小红书,2026-08-26,,合成演示数据
SYN0979,用了三周没变化，细纹改善不明显，希望说明见效周期。（合成场景 0979：使用第27天，单次1泵。）,珀莱雅,源力精华,模拟京东,2026-08-27,,合成演示数据
SYN0980,泵头按不出，瓶口还漏液，希望改善包装。（合成场景 0980：使用第28天，单次2泵。）,竞品示例,修护精华,模拟抖音,2026-08-28,,合成演示数据
SYN0981,油皮用了以后闷痘，鼻翼长了闭口，已经停用。（合成场景 0981：使用第1天，单次3泵。）,珀莱雅,红宝石面霜,模拟天猫,2026-08-01,,合成演示数据
SYN0982,上脸烫但不是过敏，晚上用完有些泛红，希望更温和一点。（合成场景 0982：使用第2天，单次1泵。）,珀莱雅,双抗精华,模拟小红书,2026-08-02,,合成演示数据
SYN0983,吸收慢，摸起来黏黏的，希望肤感更清爽。（合成场景 0983：使用第3天，单次2泵。）,珀莱雅,源力精华,模拟京东,2026-08-03,,合成演示数据
SYN0984,用了三周没变化，细纹改善不明显，希望说明见效周期。（合成场景 0984：使用第4天，单次3泵。）,竞品示例,修护精华,模拟抖音,2026-08-04,,合成演示数据
SYN0985,化妆前叠涂防晒会搓泥，想要更容易搭配底妆。（合成场景 0985：使用第5天，单次1泵。）,珀莱雅,红宝石面霜,模拟天猫,2026-08-05,,合成演示数据
SYN0986,化妆前叠涂防晒会搓泥，想要更容易搭配底妆。（合成场景 0986：使用第6天，单次2泵。）,珀莱雅,双抗精华,模拟小红书,2026-08-06,,合成演示数据
SYN0987,价格高，活动后又涨价，日常买不划算。（合成场景 0987：使用第7天，单次3泵。）,珀莱雅,源力精华,模拟京东,2026-08-07,,合成演示数据
SYN0988,用了三周没变化，细纹改善不明显，希望说明见效周期。（合成场景 0988：使用第8天，单次1泵。）,竞品示例,修护精华,模拟抖音,2026-08-08,,合成演示数据
SYN0989,化妆前叠涂防晒会搓泥，想要更容易搭配底妆。（合成场景 0989：使用第9天，单次2泵。）,珀莱雅,红宝石面霜,模拟天猫,2026-08-09,,合成演示数据
SYN0990,敏感肌用着温和，不刺激，没有泛红。（合成场景 0990：使用第10天，单次3泵。）,珀莱雅,双抗精华,模拟小红书,2026-08-10,,合成演示数据
SYN0991,某国货早C晚A太刺激，已经停用，想要低刺激的选择。（合成场景 0991：使用第11天，单次1泵。）,未指明,未指明,模拟京东,2026-08-11,,合成演示数据
SYN0992,某国货早C晚A太刺激，已经停用，想要低刺激的选择。（合成场景 0992：使用第12天，单次2泵。）,未指明,未指明,模拟抖音,2026-08-12,,合成演示数据
SYN0993,上脸烫但不是过敏，晚上用完有些泛红，希望更温和一点。（合成场景 0993：使用第13天，单次3泵。）,珀莱雅,红宝石面霜,模拟天猫,2026-08-13,,合成演示数据
SYN0994,油皮用了以后闷痘，鼻翼长了闭口，已经停用。（合成场景 0994：使用第14天，单次1泵。）,珀莱雅,双抗精华,模拟小红书,2026-08-14,,合成演示数据
SYN0995,油皮用了以后闷痘，鼻翼长了闭口，已经停用。（合成场景 0995：使用第15天，单次2泵。）,珀莱雅,源力精华,模拟京东,2026-08-15,,合成演示数据
SYN0996,敏感肌用着温和，不刺激，没有泛红。（合成场景 0996：使用第16天，单次3泵。）,竞品示例,修护精华,模拟抖音,2026-08-16,,合成演示数据
SYN0997,吸收慢，摸起来黏黏的，希望肤感更清爽。（合成场景 0997：使用第17天，单次1泵。）,珀莱雅,红宝石面霜,模拟天猫,2026-08-17,,合成演示数据
SYN0998,化妆前叠涂防晒会搓泥，想要更容易搭配底妆。（合成场景 0998：使用第18天，单次2泵。）,珀莱雅,双抗精华,模拟小红书,2026-08-18,,合成演示数据
SYN0999,换季脸还是干燥紧绷，希望保湿更持久。（合成场景 0999：使用第19天，单次3泵。）,珀莱雅,源力精华,模拟京东,2026-08-19,,合成演示数据
SYN1000,化妆前叠涂防晒会搓泥，想要更容易搭配底妆。（合成场景 1000：使用第20天，单次1泵。）,竞品示例,修护精华,模拟抖音,2026-08-20,,合成演示数据
