record_id,test_case,expected_action,duplicate_of,label_origin
SYN-20260915-0001,empty,RULE_FILTER_EMPTY,,generator_fixture_not_human_gold
SYN-20260915-0002,empty,RULE_FILTER_EMPTY,,generator_fixture_not_human_gold
SYN-20260915-0003,empty,RULE_FILTER_EMPTY,,generator_fixture_not_human_gold
SYN-20260915-0004,empty,RULE_FILTER_EMPTY,,generator_fixture_not_human_gold
SYN-20260915-0005,empty,RULE_FILTER_EMPTY,,generator_fixture_not_human_gold
SYN-20260915-0006,empty,RULE_FILTER_EMPTY,,generator_fixture_not_human_gold
SYN-20260915-0007,empty,RULE_FILTER_EMPTY,,generator_fixture_not_human_gold
SYN-20260915-0008,empty,RULE_FILTER_EMPTY,,generator_fixture_not_human_gold
SYN-20260915-0009,empty,RULE_FILTER_EMPTY,,generator_fixture_not_human_gold
SYN-20260915-0010,empty,RULE_FILTER_EMPTY,,generator_fixture_not_human_gold
SYN-20260915-0011,empty,RULE_FILTER_EMPTY,,generator_fixture_not_human_gold
SYN-20260915-0012,empty,RULE_FILTER_EMPTY,,generator_fixture_not_human_gold
SYN-20260915-0013,empty,RULE_FILTER_EMPTY,,generator_fixture_not_human_gold
SYN-20260915-0014,empty,RULE_FILTER_EMPTY,,generator_fixture_not_human_gold
SYN-20260915-0015,empty,RULE_FILTER_EMPTY,,generator_fixture_not_human_gold
SYN-20260915-0016,empty,RULE_FILTER_EMPTY,,generator_fixture_not_human_gold
SYN-20260915-0017,empty,RULE_FILTER_EMPTY,,generator_fixture_not_human_gold
SYN-20260915-0018,empty,RULE_FILTER_EMPTY,,generator_fixture_not_human_gold
SYN-20260915-0019,empty,RULE_FILTER_EMPTY,,generator_fixture_not_human_gold
SYN-20260915-0020,empty,RULE_FILTER_EMPTY,,generator_fixture_not_human_gold
SYN-20260915-0021,template,REVIEW_SEMANTICS,,generator_fixture_not_human_gold
SYN-20260915-0022,template,REVIEW_SEMANTICS,,generator_fixture_not_human_gold
SYN-20260915-0023,template,REVIEW_SEMANTICS,,generator_fixture_not_human_gold
SYN-20260915-0024,template,REVIEW_SEMANTICS,,generator_fixture_not_human_gold
SYN-20260915-0025,template,REVIEW_SEMANTICS,,generator_fixture_not_human_gold
SYN-20260915-0026,template,REVIEW_SEMANTICS,,generator_fixture_not_human_gold
SYN-20260915-0027,template,REVIEW_SEMANTICS,,generator_fixture_not_human_gold
SYN-20260915-0028,template,REVIEW_SEMANTICS,,generator_fixture_not_human_gold
SYN-20260915-0029,template,REVIEW_SEMANTICS,,generator_fixture_not_human_gold
SYN-20260915-0030,template,REVIEW_SEMANTICS,,generator_fixture_not_human_gold
SYN-20260915-0031,template,REVIEW_SEMANTICS,,generator_fixture_not_human_gold
SYN-20260915-0032,template,REVIEW_SEMANTICS,,generator_fixture_not_human_gold
SYN-20260915-0033,template,REVIEW_SEMANTICS,,generator_fixture_not_human_gold
SYN-20260915-0034,template,REVIEW_SEMANTICS,,generator_fixture_not_human_gold
SYN-20260915-0035,template,REVIEW_SEMANTICS,,generator_fixture_not_human_gold
SYN-20260915-0036,template,REVIEW_SEMANTICS,,generator_fixture_not_human_gold
SYN-20260915-0037,template,REVIEW_SEMANTICS,,generator_fixture_not_human_gold
SYN-20260915-0038,template,REVIEW_SEMANTICS,,generator_fixture_not_human_gold
SYN-20260915-0039,template,REVIEW_SEMANTICS,,generator_fixture_not_human_gold
SYN-20260915-0040,template,REVIEW_SEMANTICS,,generator_fixture_not_human_gold
SYN-20260915-0041,mixed,KEEP_MULTIPLE_OPINIONS,,generator_fixture_not_human_gold
SYN-20260915-0042,mixed,KEEP_MULTIPLE_OPINIONS,,generator_fixture_not_human_gold
SYN-20260915-0043,mixed,KEEP_MULTIPLE_OPINIONS,,generator_fixture_not_human_gold
SYN-20260915-0044,mixed,KEEP_MULTIPLE_OPINIONS,,generator_fixture_not_human_gold
SYN-20260915-0045,mixed,KEEP_MULTIPLE_OPINIONS,,generator_fixture_not_human_gold
SYN-20260915-0046,mixed,KEEP_MULTIPLE_OPINIONS,,generator_fixture_not_human_gold
SYN-20260915-0047,mixed,KEEP_MULTIPLE_OPINIONS,,generator_fixture_not_human_gold
SYN-20260915-0048,mixed,KEEP_MULTIPLE_OPINIONS,,generator_fixture_not_human_gold
SYN-20260915-0049,mixed,KEEP_MULTIPLE_OPINIONS,,generator_fixture_not_human_gold
SYN-20260915-0050,mixed,KEEP_MULTIPLE_OPINIONS,,generator_fixture_not_human_gold
SYN-20260915-0051,mixed,KEEP_MULTIPLE_OPINIONS,,generator_fixture_not_human_gold
SYN-20260915-0052,mixed,KEEP_MULTIPLE_OPINIONS,,generator_fixture_not_human_gold
SYN-20260915-0053,mixed,KEEP_MULTIPLE_OPINIONS,,generator_fixture_not_human_gold
SYN-20260915-0054,mixed,KEEP_MULTIPLE_OPINIONS,,generator_fixture_not_human_gold
SYN-20260915-0055,mixed,KEEP_MULTIPLE_OPINIONS,,generator_fixture_not_human_gold
SYN-20260915-0056,mixed,KEEP_MULTIPLE_OPINIONS,,generator_fixture_not_human_gold
SYN-20260915-0057,mixed,KEEP_MULTIPLE_OPINIONS,,generator_fixture_not_human_gold
SYN-20260915-0058,mixed,KEEP_MULTIPLE_OPINIONS,,generator_fixture_not_human_gold
SYN-20260915-0059,mixed,KEEP_MULTIPLE_OPINIONS,,generator_fixture_not_human_gold
SYN-20260915-0060,mixed,KEEP_MULTIPLE_OPINIONS,,generator_fixture_not_human_gold
SYN-20260915-0061,regular,REVIEW_SEMANTICS,,generator_fixture_not_human_gold
SYN-20260915-0062,regular,REVIEW_SEMANTICS,,generator_fixture_not_human_gold
SYN-20260915-0063,regular,REVIEW_SEMANTICS,,generator_fixture_not_human_gold
SYN-20260915-0064,regular,REVIEW_SEMANTICS,,generator_fixture_not_human_gold
SYN-20260915-0065,regular,REVIEW_SEMANTICS,,generator_fixture_not_human_gold
SYN-20260915-0066,regular,REVIEW_SEMANTICS,,generator_fixture_not_human_gold
SYN-20260915-0067,regular,REVIEW_SEMANTICS,,generator_fixture_not_human_gold
SYN-20260915-0068,regular,REVIEW_SEMANTICS,,generator_fixture_not_human_gold
SYN-20260915-0069,regular,REVIEW_SEMANTICS,,generator_fixture_not_human_gold
SYN-20260915-0070,regular,REVIEW_SEMANTICS,,generator_fixture_not_human_gold
SYN-20260915-0071,regular,REVIEW_SEMANTICS,,generator_fixture_not_human_gold
SYN-20260915-0072,regular,REVIEW_SEMANTICS,,generator_fixture_not_human_gold
SYN-20260915-0073,regular,REVIEW_SEMANTICS,,generator_fixture_not_human_gold
SYN-20260915-0074,regular,REVIEW_SEMANTICS,,generator_fixture_not_human_gold
SYN-20260915-0075,regular,REVIEW_SEMANTICS,,generator_fixture_not_human_gold
SYN-20260915-0076,regular,REVIEW_SEMANTICS,,generator_fixture_not_human_gold
SYN-20260915-0077,regular,REVIEW_SEMANTICS,,generator_fixture_not_human_gold
SYN-20260915-0078,regular,REVIEW_SEMANTICS,,generator_fixture_not_human_gold
SYN-20260915-0079,regular,REVIEW_SEMANTICS,,generator_fixture_not_human_gold
SYN-20260915-0080,regular,REVIEW_SEMANTICS,,generator_fixture_not_human_gold
SYN-20260915-0081,regular,REVIEW_SEMANTICS,,generator_fixture_not_human_gold
SYN-20260915-0082,regular,REVIEW_SEMANTICS,,generator_fixture_not_human_gold
SYN-20260915-0083,regular,REVIEW_SEMANTICS,,generator_fixture_not_human_gold
SYN-20260915-0084,regular,REVIEW_SEMANTICS,,generator_fixture_not_human_gold
SYN-20260915-0085,regular,REVIEW_SEMANTICS,,generator_fixture_not_human_gold
SYN-20260915-0086,regular,REVIEW_SEMANTICS,,generator_fixture_not_human_gold
SYN-20260915-0087,regular,REVIEW_SEMANTICS,,generator_fixture_not_human_gold
SYN-20260915-0088,regular,REVIEW_SEMANTICS,,generator_fixture_not_human_gold
SYN-20260915-0089,regular,REVIEW_SEMANTICS,,generator_fixture_not_human_gold
SYN-20260915-0090,regular,REVIEW_SEMANTICS,,generator_fixture_not_human_gold
SYN-20260915-0091,regular,REVIEW_SEMANTICS,,generator_fixture_not_human_gold
SYN-20260915-0092,regular,REVIEW_SEMANTICS,,generator_fixture_not_human_gold
SYN-20260915-0093,regular,REVIEW_SEMANTICS,,generator_fixture_not_human_gold
SYN-20260915-0094,regular,REVIEW_SEMANTICS,,generator_fixture_not_human_gold
SYN-20260915-0095,regular,REVIEW_SEMANTICS,,generator_fixture_not_human_gold
SYN-20260915-0096,regular,REVIEW_SEMANTICS,,generator_fixture_not_human_gold
SYN-20260915-0097,regular,REVIEW_SEMANTICS,,generator_fixture_not_human_gold
SYN-20260915-0098,regular,REVIEW_SEMANTICS,,generator_fixture_not_human_gold
SYN-20260915-0099,regular,REVIEW_SEMANTICS,,generator_fixture_not_human_gold
SYN-20260915-0100,regular,REVIEW_SEMANTICS,,generator_fixture_not_human_gold
SYN-20260915-0101,regular,REVIEW_SEMANTICS,,generator_fixture_not_human_gold
SYN-20260915-0102,regular,REVIEW_SEMANTICS,,generator_fixture_not_human_gold
SYN-20260915-0103,regular,REVIEW_SEMANTICS,,generator_fixture_not_human_gold
SYN-20260915-0104,regular,REVIEW_SEMANTICS,,generator_fixture_not_human_gold
SYN-20260915-0105,regular,REVIEW_SEMANTICS,,generator_fixture_not_human_gold
SYN-20260915-0106,regular,REVIEW_SEMANTICS,,generator_fixture_not_human_gold
SYN-20260915-0107,regular,REVIEW_SEMANTICS,,generator_fixture_not_human_gold
SYN-20260915-0108,regular,REVIEW_SEMANTICS,,generator_fixture_not_human_gold
SYN-20260915-0109,regular,REVIEW_SEMANTICS,,generator_fixture_not_human_gold
SYN-20260915-0110,regular,REVIEW_SEMANTICS,,generator_fixture_not_human_gold
SYN-20260915-0111,regular,REVIEW_SEMANTICS,,generator_fixture_not_human_gold
SYN-20260915-0112,regular,REVIEW_SEMANTICS,,generator_fixture_not_human_gold
SYN-20260915-0113,regular,REVIEW_SEMANTICS,,generator_fixture_not_human_gold
SYN-20260915-0114,regular,REVIEW_SEMANTICS,,generator_fixture_not_human_gold
SYN-20260915-0115,regular,REVIEW_SEMANTICS,,generator_fixture_not_human_gold
SYN-20260915-0116,regular,REVIEW_SEMANTICS,,generator_fixture_not_human_gold
SYN-20260915-0117,regular,REVIEW_SEMANTICS,,generator_fixture_not_human_gold
SYN-20260915-0118,regular,REVIEW_SEMANTICS,,generator_fixture_not_human_gold
SYN-20260915-0119,regular,REVIEW_SEMANTICS,,generator_fixture_not_human_gold
SYN-20260915-0120,regular,REVIEW_SEMANTICS,,generator_fixture_not_human_gold
SYN-20260915-0121,regular,REVIEW_SEMANTICS,,generator_fixture_not_human_gold
SYN-20260915-0122,regular,REVIEW_SEMANTICS,,generator_fixture_not_human_gold
SYN-20260915-0123,regular,REVIEW_SEMANTICS,,generator_fixture_not_human_gold
SYN-20260915-0124,regular,REVIEW_SEMANTICS,,generator_fixture_not_human_gold
SYN-20260915-0125,regular,REVIEW_SEMANTICS,,generator_fixture_not_human_gold
SYN-20260915-0126,regular,REVIEW_SEMANTICS,,generator_fixture_not_human_gold
SYN-20260915-0127,regular,REVIEW_SEMANTICS,,generator_fixture_not_human_gold
SYN-20260915-0128,regular,REVIEW_SEMANTICS,,generator_fixture_not_human_gold
SYN-20260915-0129,regular,REVIEW_SEMANTICS,,generator_fixture_not_human_gold
SYN-20260915-0130,regular,REVIEW_SEMANTICS,,generator_fixture_not_human_gold
SYN-20260915-0131,regular,REVIEW_SEMANTICS,,generator_fixture_not_human_gold
SYN-20260915-0132,regular,REVIEW_SEMANTICS,,generator_fixture_not_human_gold
SYN-20260915-0133,regular,REVIEW_SEMANTICS,,generator_fixture_not_human_gold
SYN-20260915-0134,regular,REVIEW_SEMANTICS,,generator_fixture_not_human_gold
SYN-20260915-0135,regular,REVIEW_SEMANTICS,,generator_fixture_not_human_gold
SYN-20260915-0136,regular,REVIEW_SEMANTICS,,generator_fixture_not_human_gold
SYN-20260915-0137,regular,REVIEW_SEMANTICS,,generator_fixture_not_human_gold
SYN-20260915-0138,regular,REVIEW_SEMANTICS,,generator_fixture_not_human_gold
SYN-20260915-0139,regular,REVIEW_SEMANTICS,,generator_fixture_not_human_gold
SYN-20260915-0140,regular,REVIEW_SEMANTICS,,generator_fixture_not_human_gold
SYN-20260915-0141,regular,REVIEW_SEMANTICS,,generator_fixture_not_human_gold
SYN-20260915-0142,regular,REVIEW_SEMANTICS,,generator_fixture_not_human_gold
SYN-20260915-0143,regular,REVIEW_SEMANTICS,,generator_fixture_not_human_gold
SYN-20260915-0144,regular,REVIEW_SEMANTICS,,generator_fixture_not_human_gold
SYN-20260915-0145,regular,REVIEW_SEMANTICS,,generator_fixture_not_human_gold
SYN-20260915-0146,regular,REVIEW_SEMANTICS,,generator_fixture_not_human_gold
SYN-20260915-0147,regular,REVIEW_SEMANTICS,,generator_fixture_not_human_gold
SYN-20260915-0148,regular,REVIEW_SEMANTICS,,generator_fixture_not_human_gold
SYN-20260915-0149,regular,REVIEW_SEMANTICS,,generator_fixture_not_human_gold
SYN-20260915-0150,regular,REVIEW_SEMANTICS,,generator_fixture_not_human_gold
SYN-20260915-0151,regular,REVIEW_SEMANTICS,,generator_fixture_not_human_gold
SYN-20260915-0152,regular,REVIEW_SEMANTICS,,generator_fixture_not_human_gold
SYN-20260915-0153,regular,REVIEW_SEMANTICS,,generator_fixture_not_human_gold
SYN-20260915-0154,regular,REVIEW_SEMANTICS,,generator_fixture_not_human_gold
SYN-20260915-0155,regular,REVIEW_SEMANTICS,,generator_fixture_not_human_gold
SYN-20260915-0156,regular,REVIEW_SEMANTICS,,generator_fixture_not_human_gold
SYN-20260915-0157,regular,REVIEW_SEMANTICS,,generator_fixture_not_human_gold
SYN-20260915-0158,regular,REVIEW_SEMANTICS,,generator_fixture_not_human_gold
SYN-20260915-0159,regular,REVIEW_SEMANTICS,,generator_fixture_not_human_gold
SYN-20260915-0160,regular,REVIEW_SEMANTICS,,generator_fixture_not_human_gold
SYN-20260915-0161,regular,REVIEW_SEMANTICS,,generator_fixture_not_human_gold
SYN-20260915-0162,regular,REVIEW_SEMANTICS,,generator_fixture_not_human_gold
SYN-20260915-0163,regular,REVIEW_SEMANTICS,,generator_fixture_not_human_gold
SYN-20260915-0164,regular,REVIEW_SEMANTICS,,generator_fixture_not_human_gold
SYN-20260915-0165,regular,REVIEW_SEMANTICS,,generator_fixture_not_human_gold
SYN-20260915-0166,regular,REVIEW_SEMANTICS,,generator_fixture_not_human_gold
SYN-20260915-0167,regular,REVIEW_SEMANTICS,,generator_fixture_not_human_gold
SYN-20260915-0168,regular,REVIEW_SEMANTICS,,generator_fixture_not_human_gold
SYN-20260915-0169,regular,REVIEW_SEMANTICS,,generator_fixture_not_human_gold
SYN-20260915-0170,regular,REVIEW_SEMANTICS,,generator_fixture_not_human_gold
SYN-20260915-0171,regular,REVIEW_SEMANTICS,,generator_fixture_not_human_gold
SYN-20260915-0172,regular,REVIEW_SEMANTICS,,generator_fixture_not_human_gold
SYN-20260915-0173,regular,REVIEW_SEMANTICS,,generator_fixture_not_human_gold
SYN-20260915-0174,regular,REVIEW_SEMANTICS,,generator_fixture_not_human_gold
SYN-20260915-0175,regular,REVIEW_SEMANTICS,,generator_fixture_not_human_gold
SYN-20260915-0176,regular,REVIEW_SEMANTICS,,generator_fixture_not_human_gold
SYN-20260915-0177,regular,REVIEW_SEMANTICS,,generator_fixture_not_human_gold
SYN-20260915-0178,regular,REVIEW_SEMANTICS,,generator_fixture_not_human_gold
SYN-20260915-0179,regular,REVIEW_SEMANTICS,,generator_fixture_not_human_gold
SYN-20260915-0180,regular,REVIEW_SEMANTICS,,generator_fixture_not_human_gold
SYN-20260915-0181,regular,REVIEW_SEMANTICS,,generator_fixture_not_human_gold
SYN-20260915-0182,regular,REVIEW_SEMANTICS,,generator_fixture_not_human_gold
SYN-20260915-0183,regular,REVIEW_SEMANTICS,,generator_fixture_not_human_gold
SYN-20260915-0184,regular,REVIEW_SEMANTICS,,generator_fixture_not_human_gold
SYN-20260915-0185,regular,REVIEW_SEMANTICS,,generator_fixture_not_human_gold
SYN-20260915-0186,regular,REVIEW_SEMANTICS,,generator_fixture_not_human_gold
SYN-20260915-0187,regular,REVIEW_SEMANTICS,,generator_fixture_not_human_gold
SYN-20260915-0188,regular,REVIEW_SEMANTICS,,generator_fixture_not_human_gold
SYN-20260915-0189,regular,REVIEW_SEMANTICS,,generator_fixture_not_human_gold
SYN-20260915-0190,regular,REVIEW_SEMANTICS,,generator_fixture_not_human_gold
SYN-20260915-0191,regular,REVIEW_SEMANTICS,,generator_fixture_not_human_gold
SYN-20260915-0192,regular,REVIEW_SEMANTICS,,generator_fixture_not_human_gold
SYN-20260915-0193,regular,REVIEW_SEMANTICS,,generator_fixture_not_human_gold
SYN-20260915-0194,regular,REVIEW_SEMANTICS,,generator_fixture_not_human_gold
SYN-20260915-0195,regular,REVIEW_SEMANTICS,,generator_fixture_not_human_gold
SYN-20260915-0196,regular,REVIEW_SEMANTICS,,generator_fixture_not_human_gold
SYN-20260915-0197,regular,REVIEW_SEMANTICS,,generator_fixture_not_human_gold
SYN-20260915-0198,regular,REVIEW_SEMANTICS,,generator_fixture_not_human_gold
SYN-20260915-0199,regular,REVIEW_SEMANTICS,,generator_fixture_not_human_gold
SYN-20260915-0200,regular,REVIEW_SEMANTICS,,generator_fixture_not_human_gold
SYN-20260915-0201,regular,REVIEW_SEMANTICS,,generator_fixture_not_human_gold
SYN-20260915-0202,regular,REVIEW_SEMANTICS,,generator_fixture_not_human_gold
SYN-20260915-0203,regular,REVIEW_SEMANTICS,,generator_fixture_not_human_gold
SYN-20260915-0204,regular,REVIEW_SEMANTICS,,generator_fixture_not_human_gold
SYN-20260915-0205,regular,REVIEW_SEMANTICS,,generator_fixture_not_human_gold
SYN-20260915-0206,regular,REVIEW_SEMANTICS,,generator_fixture_not_human_gold
SYN-20260915-0207,regular,REVIEW_SEMANTICS,,generator_fixture_not_human_gold
SYN-20260915-0208,regular,REVIEW_SEMANTICS,,generator_fixture_not_human_gold
SYN-20260915-0209,regular,REVIEW_SEMANTICS,,generator_fixture_not_human_gold
SYN-20260915-0210,regular,REVIEW_SEMANTICS,,generator_fixture_not_human_gold
SYN-20260915-0211,regular,REVIEW_SEMANTICS,,generator_fixture_not_human_gold
SYN-20260915-0212,regular,REVIEW_SEMANTICS,,generator_fixture_not_human_gold
SYN-20260915-0213,regular,REVIEW_SEMANTICS,,generator_fixture_not_human_gold
SYN-20260915-0214,regular,REVIEW_SEMANTICS,,generator_fixture_not_human_gold
SYN-20260915-0215,regular,REVIEW_SEMANTICS,,generator_fixture_not_human_gold
SYN-20260915-0216,regular,REVIEW_SEMANTICS,,generator_fixture_not_human_gold
SYN-20260915-0217,regular,REVIEW_SEMANTICS,,generator_fixture_not_human_gold
SYN-20260915-0218,regular,REVIEW_SEMANTICS,,generator_fixture_not_human_gold
SYN-20260915-0219,regular,REVIEW_SEMANTICS,,generator_fixture_not_human_gold
SYN-20260915-0220,regular,REVIEW_SEMANTICS,,generator_fixture_not_human_gold
SYN-20260915-0221,regular,REVIEW_SEMANTICS,,generator_fixture_not_human_gold
SYN-20260915-0222,regular,REVIEW_SEMANTICS,,generator_fixture_not_human_gold
SYN-20260915-0223,regular,REVIEW_SEMANTICS,,generator_fixture_not_human_gold
SYN-20260915-0224,regular,REVIEW_SEMANTICS,,generator_fixture_not_human_gold
SYN-20260915-0225,regular,REVIEW_SEMANTICS,,generator_fixture_not_human_gold
SYN-20260915-0226,regular,REVIEW_SEMANTICS,,generator_fixture_not_human_gold
SYN-20260915-0227,regular,REVIEW_SEMANTICS,,generator_fixture_not_human_gold
SYN-20260915-0228,regular,REVIEW_SEMANTICS,,generator_fixture_not_human_gold
SYN-20260915-0229,regular,REVIEW_SEMANTICS,,generator_fixture_not_human_gold
SYN-20260915-0230,regular,REVIEW_SEMANTICS,,generator_fixture_not_human_gold
SYN-20260915-0231,regular,REVIEW_SEMANTICS,,generator_fixture_not_human_gold
SYN-20260915-0232,regular,REVIEW_SEMANTICS,,generator_fixture_not_human_gold
SYN-20260915-0233,regular,REVIEW_SEMANTICS,,generator_fixture_not_human_gold
SYN-20260915-0234,regular,REVIEW_SEMANTICS,,generator_fixture_not_human_gold
SYN-20260915-0235,regular,REVIEW_SEMANTICS,,generator_fixture_not_human_gold
SYN-20260915-0236,regular,REVIEW_SEMANTICS,,generator_fixture_not_human_gold
SYN-20260915-0237,regular,REVIEW_SEMANTICS,,generator_fixture_not_human_gold
SYN-20260915-0238,regular,REVIEW_SEMANTICS,,generator_fixture_not_human_gold
SYN-20260915-0239,regular,REVIEW_SEMANTICS,,generator_fixture_not_human_gold
SYN-20260915-0240,regular,REVIEW_SEMANTICS,,generator_fixture_not_human_gold
SYN-20260915-0241,regular,REVIEW_SEMANTICS,,generator_fixture_not_human_gold
SYN-20260915-0242,regular,REVIEW_SEMANTICS,,generator_fixture_not_human_gold
SYN-20260915-0243,regular,REVIEW_SEMANTICS,,generator_fixture_not_human_gold
SYN-20260915-0244,regular,REVIEW_SEMANTICS,,generator_fixture_not_human_gold
SYN-20260915-0245,regular,REVIEW_SEMANTICS,,generator_fixture_not_human_gold
SYN-20260915-0246,regular,REVIEW_SEMANTICS,,generator_fixture_not_human_gold
SYN-20260915-0247,regular,REVIEW_SEMANTICS,,generator_fixture_not_human_gold
SYN-20260915-0248,regular,REVIEW_SEMANTICS,,generator_fixture_not_human_gold
SYN-20260915-0249,regular,REVIEW_SEMANTICS,,generator_fixture_not_human_gold
SYN-20260915-0250,regular,REVIEW_SEMANTICS,,generator_fixture_not_human_gold
SYN-20260915-0251,regular,REVIEW_SEMANTICS,,generator_fixture_not_human_gold
SYN-20260915-0252,regular,REVIEW_SEMANTICS,,generator_fixture_not_human_gold
SYN-20260915-0253,regular,REVIEW_SEMANTICS,,generator_fixture_not_human_gold
SYN-20260915-0254,regular,REVIEW_SEMANTICS,,generator_fixture_not_human_gold
SYN-20260915-0255,regular,REVIEW_SEMANTICS,,generator_fixture_not_human_gold
SYN-20260915-0256,regular,REVIEW_SEMANTICS,,generator_fixture_not_human_gold
SYN-20260915-0257,regular,REVIEW_SEMANTICS,,generator_fixture_not_human_gold
SYN-20260915-0258,regular,REVIEW_SEMANTICS,,generator_fixture_not_human_gold
SYN-20260915-0259,regular,REVIEW_SEMANTICS,,generator_fixture_not_human_gold
SYN-20260915-0260,regular,REVIEW_SEMANTICS,,generator_fixture_not_human_gold
SYN-20260915-0261,regular,REVIEW_SEMANTICS,,generator_fixture_not_human_gold
SYN-20260915-0262,regular,REVIEW_SEMANTICS,,generator_fixture_not_human_gold
SYN-20260915-0263,regular,REVIEW_SEMANTICS,,generator_fixture_not_human_gold
SYN-20260915-0264,regular,REVIEW_SEMANTICS,,generator_fixture_not_human_gold
SYN-20260915-0265,regular,REVIEW_SEMANTICS,,generator_fixture_not_human_gold
SYN-20260915-0266,regular,REVIEW_SEMANTICS,,generator_fixture_not_human_gold
SYN-20260915-0267,regular,REVIEW_SEMANTICS,,generator_fixture_not_human_gold
SYN-20260915-0268,regular,REVIEW_SEMANTICS,,generator_fixture_not_human_gold
SYN-20260915-0269,regular,REVIEW_SEMANTICS,,generator_fixture_not_human_gold
SYN-20260915-0270,regular,REVIEW_SEMANTICS,,generator_fixture_not_human_gold
SYN-20260915-0271,regular,REVIEW_SEMANTICS,,generator_fixture_not_human_gold
SYN-20260915-0272,regular,REVIEW_SEMANTICS,,generator_fixture_not_human_gold
SYN-20260915-0273,regular,REVIEW_SEMANTICS,,generator_fixture_not_human_gold
SYN-20260915-0274,regular,REVIEW_SEMANTICS,,generator_fixture_not_human_gold
SYN-20260915-0275,regular,REVIEW_SEMANTICS,,generator_fixture_not_human_gold
SYN-20260915-0276,regular,REVIEW_SEMANTICS,,generator_fixture_not_human_gold
SYN-20260915-0277,regular,REVIEW_SEMANTICS,,generator_fixture_not_human_gold
SYN-20260915-0278,regular,REVIEW_SEMANTICS,,generator_fixture_not_human_gold
SYN-20260915-0279,regular,REVIEW_SEMANTICS,,generator_fixture_not_human_gold
SYN-20260915-0280,regular,REVIEW_SEMANTICS,,generator_fixture_not_human_gold
SYN-20260915-0281,regular,REVIEW_SEMANTICS,,generator_fixture_not_human_gold
SYN-20260915-0282,regular,REVIEW_SEMANTICS,,generator_fixture_not_human_gold
SYN-20260915-0283,regular,REVIEW_SEMANTICS,,generator_fixture_not_human_gold
SYN-20260915-0284,regular,REVIEW_SEMANTICS,,generator_fixture_not_human_gold
SYN-20260915-0285,regular,REVIEW_SEMANTICS,,generator_fixture_not_human_gold
SYN-20260915-0286,regular,REVIEW_SEMANTICS,,generator_fixture_not_human_gold
SYN-20260915-0287,regular,REVIEW_SEMANTICS,,generator_fixture_not_human_gold
SYN-20260915-0288,regular,REVIEW_SEMANTICS,,generator_fixture_not_human_gold
SYN-20260915-0289,regular,REVIEW_SEMANTICS,,generator_fixture_not_human_gold
SYN-20260915-0290,regular,REVIEW_SEMANTICS,,generator_fixture_not_human_gold
SYN-20260915-0291,regular,REVIEW_SEMANTICS,,generator_fixture_not_human_gold
SYN-20260915-0292,regular,REVIEW_SEMANTICS,,generator_fixture_not_human_gold
SYN-20260915-0293,regular,REVIEW_SEMANTICS,,generator_fixture_not_human_gold
SYN-20260915-0294,regular,REVIEW_SEMANTICS,,generator_fixture_not_human_gold
SYN-20260915-0295,regular,REVIEW_SEMANTICS,,generator_fixture_not_human_gold
SYN-20260915-0296,regular,REVIEW_SEMANTICS,,generator_fixture_not_human_gold
SYN-20260915-0297,regular,REVIEW_SEMANTICS,,generator_fixture_not_human_gold
SYN-20260915-0298,regular,REVIEW_SEMANTICS,,generator_fixture_not_human_gold
SYN-20260915-0299,regular,REVIEW_SEMANTICS,,generator_fixture_not_human_gold
SYN-20260915-0300,regular,REVIEW_SEMANTICS,,generator_fixture_not_human_gold
SYN-20260915-0301,regular,REVIEW_SEMANTICS,,generator_fixture_not_human_gold
SYN-20260915-0302,regular,REVIEW_SEMANTICS,,generator_fixture_not_human_gold
SYN-20260915-0303,regular,REVIEW_SEMANTICS,,generator_fixture_not_human_gold
SYN-20260915-0304,regular,REVIEW_SEMANTICS,,generator_fixture_not_human_gold
SYN-20260915-0305,regular,REVIEW_SEMANTICS,,generator_fixture_not_human_gold
SYN-20260915-0306,regular,REVIEW_SEMANTICS,,generator_fixture_not_human_gold
SYN-20260915-0307,regular,REVIEW_SEMANTICS,,generator_fixture_not_human_gold
SYN-20260915-0308,regular,REVIEW_SEMANTICS,,generator_fixture_not_human_gold
SYN-20260915-0309,regular,REVIEW_SEMANTICS,,generator_fixture_not_human_gold
SYN-20260915-0310,regular,REVIEW_SEMANTICS,,generator_fixture_not_human_gold
SYN-20260915-0311,regular,REVIEW_SEMANTICS,,generator_fixture_not_human_gold
SYN-20260915-0312,regular,REVIEW_SEMANTICS,,generator_fixture_not_human_gold
SYN-20260915-0313,regular,REVIEW_SEMANTICS,,generator_fixture_not_human_gold
SYN-20260915-0314,regular,REVIEW_SEMANTICS,,generator_fixture_not_human_gold
SYN-20260915-0315,regular,REVIEW_SEMANTICS,,generator_fixture_not_human_gold
SYN-20260915-0316,regular,REVIEW_SEMANTICS,,generator_fixture_not_human_gold
SYN-20260915-0317,regular,REVIEW_SEMANTICS,,generator_fixture_not_human_gold
SYN-20260915-0318,regular,REVIEW_SEMANTICS,,generator_fixture_not_human_gold
SYN-20260915-0319,regular,REVIEW_SEMANTICS,,generator_fixture_not_human_gold
SYN-20260915-0320,regular,REVIEW_SEMANTICS,,generator_fixture_not_human_gold
SYN-20260915-0321,regular,REVIEW_SEMANTICS,,generator_fixture_not_human_gold
SYN-20260915-0322,regular,REVIEW_SEMANTICS,,generator_fixture_not_human_gold
SYN-20260915-0323,regular,REVIEW_SEMANTICS,,generator_fixture_not_human_gold
SYN-20260915-0324,regular,REVIEW_SEMANTICS,,generator_fixture_not_human_gold
SYN-20260915-0325,regular,REVIEW_SEMANTICS,,generator_fixture_not_human_gold
SYN-20260915-0326,regular,REVIEW_SEMANTICS,,generator_fixture_not_human_gold
SYN-20260915-0327,regular,REVIEW_SEMANTICS,,generator_fixture_not_human_gold
SYN-20260915-0328,regular,REVIEW_SEMANTICS,,generator_fixture_not_human_gold
SYN-20260915-0329,regular,REVIEW_SEMANTICS,,generator_fixture_not_human_gold
SYN-20260915-0330,regular,REVIEW_SEMANTICS,,generator_fixture_not_human_gold
SYN-20260915-0331,regular,REVIEW_SEMANTICS,,generator_fixture_not_human_gold
SYN-20260915-0332,regular,REVIEW_SEMANTICS,,generator_fixture_not_human_gold
SYN-20260915-0333,regular,REVIEW_SEMANTICS,,generator_fixture_not_human_gold
SYN-20260915-0334,regular,REVIEW_SEMANTICS,,generator_fixture_not_human_gold
SYN-20260915-0335,regular,REVIEW_SEMANTICS,,generator_fixture_not_human_gold
SYN-20260915-0336,regular,REVIEW_SEMANTICS,,generator_fixture_not_human_gold
SYN-20260915-0337,regular,REVIEW_SEMANTICS,,generator_fixture_not_human_gold
SYN-20260915-0338,regular,REVIEW_SEMANTICS,,generator_fixture_not_human_gold
SYN-20260915-0339,regular,REVIEW_SEMANTICS,,generator_fixture_not_human_gold
SYN-20260915-0340,regular,REVIEW_SEMANTICS,,generator_fixture_not_human_gold
SYN-20260915-0341,regular,REVIEW_SEMANTICS,,generator_fixture_not_human_gold
SYN-20260915-0342,regular,REVIEW_SEMANTICS,,generator_fixture_not_human_gold
SYN-20260915-0343,regular,REVIEW_SEMANTICS,,generator_fixture_not_human_gold
SYN-20260915-0344,regular,REVIEW_SEMANTICS,,generator_fixture_not_human_gold
SYN-20260915-0345,regular,REVIEW_SEMANTICS,,generator_fixture_not_human_gold
SYN-20260915-0346,regular,REVIEW_SEMANTICS,,generator_fixture_not_human_gold
SYN-20260915-0347,regular,REVIEW_SEMANTICS,,generator_fixture_not_human_gold
SYN-20260915-0348,regular,REVIEW_SEMANTICS,,generator_fixture_not_human_gold
SYN-20260915-0349,regular,REVIEW_SEMANTICS,,generator_fixture_not_human_gold
SYN-20260915-0350,regular,REVIEW_SEMANTICS,,generator_fixture_not_human_gold
SYN-20260915-0351,regular,REVIEW_SEMANTICS,,generator_fixture_not_human_gold
SYN-20260915-0352,regular,REVIEW_SEMANTICS,,generator_fixture_not_human_gold
SYN-20260915-0353,regular,REVIEW_SEMANTICS,,generator_fixture_not_human_gold
SYN-20260915-0354,regular,REVIEW_SEMANTICS,,generator_fixture_not_human_gold
SYN-20260915-0355,regular,REVIEW_SEMANTICS,,generator_fixture_not_human_gold
SYN-20260915-0356,regular,REVIEW_SEMANTICS,,generator_fixture_not_human_gold
SYN-20260915-0357,regular,REVIEW_SEMANTICS,,generator_fixture_not_human_gold
SYN-20260915-0358,regular,REVIEW_SEMANTICS,,generator_fixture_not_human_gold
SYN-20260915-0359,regular,REVIEW_SEMANTICS,,generator_fixture_not_human_gold
SYN-20260915-0360,regular,REVIEW_SEMANTICS,,generator_fixture_not_human_gold
SYN-20260915-0361,regular,REVIEW_SEMANTICS,,generator_fixture_not_human_gold
SYN-20260915-0362,regular,REVIEW_SEMANTICS,,generator_fixture_not_human_gold
SYN-20260915-0363,regular,REVIEW_SEMANTICS,,generator_fixture_not_human_gold
SYN-20260915-0364,regular,REVIEW_SEMANTICS,,generator_fixture_not_human_gold
SYN-20260915-0365,regular,REVIEW_SEMANTICS,,generator_fixture_not_human_gold
SYN-20260915-0366,regular,REVIEW_SEMANTICS,,generator_fixture_not_human_gold
SYN-20260915-0367,regular,REVIEW_SEMANTICS,,generator_fixture_not_human_gold
SYN-20260915-0368,regular,REVIEW_SEMANTICS,,generator_fixture_not_human_gold
SYN-20260915-0369,regular,REVIEW_SEMANTICS,,generator_fixture_not_human_gold
SYN-20260915-0370,regular,REVIEW_SEMANTICS,,generator_fixture_not_human_gold
SYN-20260915-0371,regular,REVIEW_SEMANTICS,,generator_fixture_not_human_gold
SYN-20260915-0372,regular,REVIEW_SEMANTICS,,generator_fixture_not_human_gold
SYN-20260915-0373,regular,REVIEW_SEMANTICS,,generator_fixture_not_human_gold
SYN-20260915-0374,regular,REVIEW_SEMANTICS,,generator_fixture_not_human_gold
SYN-20260915-0375,regular,REVIEW_SEMANTICS,,generator_fixture_not_human_gold
SYN-20260915-0376,regular,REVIEW_SEMANTICS,,generator_fixture_not_human_gold
SYN-20260915-0377,regular,REVIEW_SEMANTICS,,generator_fixture_not_human_gold
SYN-20260915-0378,regular,REVIEW_SEMANTICS,,generator_fixture_not_human_gold
SYN-20260915-0379,regular,REVIEW_SEMANTICS,,generator_fixture_not_human_gold
SYN-20260915-0380,regular,REVIEW_SEMANTICS,,generator_fixture_not_human_gold
SYN-20260915-0381,regular,REVIEW_SEMANTICS,,generator_fixture_not_human_gold
SYN-20260915-0382,regular,REVIEW_SEMANTICS,,generator_fixture_not_human_gold
SYN-20260915-0383,regular,REVIEW_SEMANTICS,,generator_fixture_not_human_gold
SYN-20260915-0384,regular,REVIEW_SEMANTICS,,generator_fixture_not_human_gold
SYN-20260915-0385,regular,REVIEW_SEMANTICS,,generator_fixture_not_human_gold
SYN-20260915-0386,regular,REVIEW_SEMANTICS,,generator_fixture_not_human_gold
SYN-20260915-0387,regular,REVIEW_SEMANTICS,,generator_fixture_not_human_gold
SYN-20260915-0388,regular,REVIEW_SEMANTICS,,generator_fixture_not_human_gold
SYN-20260915-0389,regular,REVIEW_SEMANTICS,,generator_fixture_not_human_gold
SYN-20260915-0390,regular,REVIEW_SEMANTICS,,generator_fixture_not_human_gold
SYN-20260915-0391,regular,REVIEW_SEMANTICS,,generator_fixture_not_human_gold
SYN-20260915-0392,regular,REVIEW_SEMANTICS,,generator_fixture_not_human_gold
SYN-20260915-0393,regular,REVIEW_SEMANTICS,,generator_fixture_not_human_gold
SYN-20260915-0394,regular,REVIEW_SEMANTICS,,generator_fixture_not_human_gold
SYN-20260915-0395,regular,REVIEW_SEMANTICS,,generator_fixture_not_human_gold
SYN-20260915-0396,regular,REVIEW_SEMANTICS,,generator_fixture_not_human_gold
SYN-20260915-0397,regular,REVIEW_SEMANTICS,,generator_fixture_not_human_gold
SYN-20260915-0398,regular,REVIEW_SEMANTICS,,generator_fixture_not_human_gold
SYN-20260915-0399,regular,REVIEW_SEMANTICS,,generator_fixture_not_human_gold
SYN-20260915-0400,regular,REVIEW_SEMANTICS,,generator_fixture_not_human_gold
SYN-20260915-0401,regular,REVIEW_SEMANTICS,,generator_fixture_not_human_gold
SYN-20260915-0402,regular,REVIEW_SEMANTICS,,generator_fixture_not_human_gold
SYN-20260915-0403,regular,REVIEW_SEMANTICS,,generator_fixture_not_human_gold
SYN-20260915-0404,regular,REVIEW_SEMANTICS,,generator_fixture_not_human_gold
SYN-20260915-0405,regular,REVIEW_SEMANTICS,,generator_fixture_not_human_gold
SYN-20260915-0406,regular,REVIEW_SEMANTICS,,generator_fixture_not_human_gold
SYN-20260915-0407,regular,REVIEW_SEMANTICS,,generator_fixture_not_human_gold
SYN-20260915-0408,regular,REVIEW_SEMANTICS,,generator_fixture_not_human_gold
SYN-20260915-0409,regular,REVIEW_SEMANTICS,,generator_fixture_not_human_gold
SYN-20260915-0410,regular,REVIEW_SEMANTICS,,generator_fixture_not_human_gold
SYN-20260915-0411,regular,REVIEW_SEMANTICS,,generator_fixture_not_human_gold
SYN-20260915-0412,regular,REVIEW_SEMANTICS,,generator_fixture_not_human_gold
SYN-20260915-0413,regular,REVIEW_SEMANTICS,,generator_fixture_not_human_gold
SYN-20260915-0414,regular,REVIEW_SEMANTICS,,generator_fixture_not_human_gold
SYN-20260915-0415,regular,REVIEW_SEMANTICS,,generator_fixture_not_human_gold
SYN-20260915-0416,regular,REVIEW_SEMANTICS,,generator_fixture_not_human_gold
SYN-20260915-0417,regular,REVIEW_SEMANTICS,,generator_fixture_not_human_gold
SYN-20260915-0418,regular,REVIEW_SEMANTICS,,generator_fixture_not_human_gold
SYN-20260915-0419,regular,REVIEW_SEMANTICS,,generator_fixture_not_human_gold
SYN-20260915-0420,regular,REVIEW_SEMANTICS,,generator_fixture_not_human_gold
SYN-20260915-0421,regular,REVIEW_SEMANTICS,,generator_fixture_not_human_gold
SYN-20260915-0422,regular,REVIEW_SEMANTICS,,generator_fixture_not_human_gold
SYN-20260915-0423,regular,REVIEW_SEMANTICS,,generator_fixture_not_human_gold
SYN-20260915-0424,regular,REVIEW_SEMANTICS,,generator_fixture_not_human_gold
SYN-20260915-0425,regular,REVIEW_SEMANTICS,,generator_fixture_not_human_gold
SYN-20260915-0426,regular,REVIEW_SEMANTICS,,generator_fixture_not_human_gold
SYN-20260915-0427,regular,REVIEW_SEMANTICS,,generator_fixture_not_human_gold
SYN-20260915-0428,regular,REVIEW_SEMANTICS,,generator_fixture_not_human_gold
SYN-20260915-0429,regular,REVIEW_SEMANTICS,,generator_fixture_not_human_gold
SYN-20260915-0430,regular,REVIEW_SEMANTICS,,generator_fixture_not_human_gold
SYN-20260915-0431,regular,REVIEW_SEMANTICS,,generator_fixture_not_human_gold
SYN-20260915-0432,regular,REVIEW_SEMANTICS,,generator_fixture_not_human_gold
SYN-20260915-0433,regular,REVIEW_SEMANTICS,,generator_fixture_not_human_gold
SYN-20260915-0434,regular,REVIEW_SEMANTICS,,generator_fixture_not_human_gold
SYN-20260915-0435,regular,REVIEW_SEMANTICS,,generator_fixture_not_human_gold
SYN-20260915-0436,regular,REVIEW_SEMANTICS,,generator_fixture_not_human_gold
SYN-20260915-0437,regular,REVIEW_SEMANTICS,,generator_fixture_not_human_gold
SYN-20260915-0438,regular,REVIEW_SEMANTICS,,generator_fixture_not_human_gold
SYN-20260915-0439,regular,REVIEW_SEMANTICS,,generator_fixture_not_human_gold
SYN-20260915-0440,regular,REVIEW_SEMANTICS,,generator_fixture_not_human_gold
SYN-20260915-0441,regular,REVIEW_SEMANTICS,,generator_fixture_not_human_gold
SYN-20260915-0442,regular,REVIEW_SEMANTICS,,generator_fixture_not_human_gold
SYN-20260915-0443,regular,REVIEW_SEMANTICS,,generator_fixture_not_human_gold
SYN-20260915-0444,regular,REVIEW_SEMANTICS,,generator_fixture_not_human_gold
SYN-20260915-0445,regular,REVIEW_SEMANTICS,,generator_fixture_not_human_gold
SYN-20260915-0446,regular,REVIEW_SEMANTICS,,generator_fixture_not_human_gold
SYN-20260915-0447,regular,REVIEW_SEMANTICS,,generator_fixture_not_human_gold
SYN-20260915-0448,regular,REVIEW_SEMANTICS,,generator_fixture_not_human_gold
SYN-20260915-0449,regular,REVIEW_SEMANTICS,,generator_fixture_not_human_gold
SYN-20260915-0450,regular,REVIEW_SEMANTICS,,generator_fixture_not_human_gold
SYN-20260915-0451,regular,REVIEW_SEMANTICS,,generator_fixture_not_human_gold
SYN-20260915-0452,regular,REVIEW_SEMANTICS,,generator_fixture_not_human_gold
SYN-20260915-0453,regular,REVIEW_SEMANTICS,,generator_fixture_not_human_gold
SYN-20260915-0454,regular,REVIEW_SEMANTICS,,generator_fixture_not_human_gold
SYN-20260915-0455,regular,REVIEW_SEMANTICS,,generator_fixture_not_human_gold
SYN-20260915-0456,regular,REVIEW_SEMANTICS,,generator_fixture_not_human_gold
SYN-20260915-0457,regular,REVIEW_SEMANTICS,,generator_fixture_not_human_gold
SYN-20260915-0458,regular,REVIEW_SEMANTICS,,generator_fixture_not_human_gold
SYN-20260915-0459,regular,REVIEW_SEMANTICS,,generator_fixture_not_human_gold
SYN-20260915-0460,regular,REVIEW_SEMANTICS,,generator_fixture_not_human_gold
SYN-20260915-0461,regular,REVIEW_SEMANTICS,,generator_fixture_not_human_gold
SYN-20260915-0462,regular,REVIEW_SEMANTICS,,generator_fixture_not_human_gold
SYN-20260915-0463,regular,REVIEW_SEMANTICS,,generator_fixture_not_human_gold
SYN-20260915-0464,regular,REVIEW_SEMANTICS,,generator_fixture_not_human_gold
SYN-20260915-0465,regular,REVIEW_SEMANTICS,,generator_fixture_not_human_gold
SYN-20260915-0466,regular,REVIEW_SEMANTICS,,generator_fixture_not_human_gold
SYN-20260915-0467,regular,REVIEW_SEMANTICS,,generator_fixture_not_human_gold
SYN-20260915-0468,regular,REVIEW_SEMANTICS,,generator_fixture_not_human_gold
SYN-20260915-0469,regular,REVIEW_SEMANTICS,,generator_fixture_not_human_gold
SYN-20260915-0470,regular,REVIEW_SEMANTICS,,generator_fixture_not_human_gold
SYN-20260915-0471,regular,REVIEW_SEMANTICS,,generator_fixture_not_human_gold
SYN-20260915-0472,regular,REVIEW_SEMANTICS,,generator_fixture_not_human_gold
SYN-20260915-0473,regular,REVIEW_SEMANTICS,,generator_fixture_not_human_gold
SYN-20260915-0474,regular,REVIEW_SEMANTICS,,generator_fixture_not_human_gold
SYN-20260915-0475,regular,REVIEW_SEMANTICS,,generator_fixture_not_human_gold
SYN-20260915-0476,regular,REVIEW_SEMANTICS,,generator_fixture_not_human_gold
SYN-20260915-0477,regular,REVIEW_SEMANTICS,,generator_fixture_not_human_gold
SYN-20260915-0478,regular,REVIEW_SEMANTICS,,generator_fixture_not_human_gold
SYN-20260915-0479,regular,REVIEW_SEMANTICS,,generator_fixture_not_human_gold
SYN-20260915-0480,regular,REVIEW_SEMANTICS,,generator_fixture_not_human_gold
SYN-20260915-0481,regular,REVIEW_SEMANTICS,,generator_fixture_not_human_gold
SYN-20260915-0482,regular,REVIEW_SEMANTICS,,generator_fixture_not_human_gold
SYN-20260915-0483,regular,REVIEW_SEMANTICS,,generator_fixture_not_human_gold
SYN-20260915-0484,regular,REVIEW_SEMANTICS,,generator_fixture_not_human_gold
SYN-20260915-0485,regular,REVIEW_SEMANTICS,,generator_fixture_not_human_gold
SYN-20260915-0486,regular,REVIEW_SEMANTICS,,generator_fixture_not_human_gold
SYN-20260915-0487,regular,REVIEW_SEMANTICS,,generator_fixture_not_human_gold
SYN-20260915-0488,regular,REVIEW_SEMANTICS,,generator_fixture_not_human_gold
SYN-20260915-0489,regular,REVIEW_SEMANTICS,,generator_fixture_not_human_gold
SYN-20260915-0490,regular,REVIEW_SEMANTICS,,generator_fixture_not_human_gold
SYN-20260915-0491,regular,REVIEW_SEMANTICS,,generator_fixture_not_human_gold
SYN-20260915-0492,regular,REVIEW_SEMANTICS,,generator_fixture_not_human_gold
SYN-20260915-0493,regular,REVIEW_SEMANTICS,,generator_fixture_not_human_gold
SYN-20260915-0494,regular,REVIEW_SEMANTICS,,generator_fixture_not_human_gold
SYN-20260915-0495,regular,REVIEW_SEMANTICS,,generator_fixture_not_human_gold
SYN-20260915-0496,regular,REVIEW_SEMANTICS,,generator_fixture_not_human_gold
SYN-20260915-0497,regular,REVIEW_SEMANTICS,,generator_fixture_not_human_gold
SYN-20260915-0498,regular,REVIEW_SEMANTICS,,generator_fixture_not_human_gold
SYN-20260915-0499,regular,REVIEW_SEMANTICS,,generator_fixture_not_human_gold
SYN-20260915-0500,regular,REVIEW_SEMANTICS,,generator_fixture_not_human_gold
SYN-20260915-0501,regular,REVIEW_SEMANTICS,,generator_fixture_not_human_gold
SYN-20260915-0502,regular,REVIEW_SEMANTICS,,generator_fixture_not_human_gold
SYN-20260915-0503,regular,REVIEW_SEMANTICS,,generator_fixture_not_human_gold
SYN-20260915-0504,regular,REVIEW_SEMANTICS,,generator_fixture_not_human_gold
SYN-20260915-0505,regular,REVIEW_SEMANTICS,,generator_fixture_not_human_gold
SYN-20260915-0506,regular,REVIEW_SEMANTICS,,generator_fixture_not_human_gold
SYN-20260915-0507,regular,REVIEW_SEMANTICS,,generator_fixture_not_human_gold
SYN-20260915-0508,regular,REVIEW_SEMANTICS,,generator_fixture_not_human_gold
SYN-20260915-0509,regular,REVIEW_SEMANTICS,,generator_fixture_not_human_gold
SYN-20260915-0510,regular,REVIEW_SEMANTICS,,generator_fixture_not_human_gold
SYN-20260915-0511,regular,REVIEW_SEMANTICS,,generator_fixture_not_human_gold
SYN-20260915-0512,regular,REVIEW_SEMANTICS,,generator_fixture_not_human_gold
SYN-20260915-0513,regular,REVIEW_SEMANTICS,,generator_fixture_not_human_gold
SYN-20260915-0514,regular,REVIEW_SEMANTICS,,generator_fixture_not_human_gold
SYN-20260915-0515,regular,REVIEW_SEMANTICS,,generator_fixture_not_human_gold
SYN-20260915-0516,regular,REVIEW_SEMANTICS,,generator_fixture_not_human_gold
SYN-20260915-0517,regular,REVIEW_SEMANTICS,,generator_fixture_not_human_gold
SYN-20260915-0518,regular,REVIEW_SEMANTICS,,generator_fixture_not_human_gold
SYN-20260915-0519,regular,REVIEW_SEMANTICS,,generator_fixture_not_human_gold
SYN-20260915-0520,regular,REVIEW_SEMANTICS,,generator_fixture_not_human_gold
SYN-20260915-0521,regular,REVIEW_SEMANTICS,,generator_fixture_not_human_gold
SYN-20260915-0522,regular,REVIEW_SEMANTICS,,generator_fixture_not_human_gold
SYN-20260915-0523,regular,REVIEW_SEMANTICS,,generator_fixture_not_human_gold
SYN-20260915-0524,regular,REVIEW_SEMANTICS,,generator_fixture_not_human_gold
SYN-20260915-0525,regular,REVIEW_SEMANTICS,,generator_fixture_not_human_gold
SYN-20260915-0526,regular,REVIEW_SEMANTICS,,generator_fixture_not_human_gold
SYN-20260915-0527,regular,REVIEW_SEMANTICS,,generator_fixture_not_human_gold
SYN-20260915-0528,regular,REVIEW_SEMANTICS,,generator_fixture_not_human_gold
SYN-20260915-0529,regular,REVIEW_SEMANTICS,,generator_fixture_not_human_gold
SYN-20260915-0530,regular,REVIEW_SEMANTICS,,generator_fixture_not_human_gold
SYN-20260915-0531,regular,REVIEW_SEMANTICS,,generator_fixture_not_human_gold
SYN-20260915-0532,regular,REVIEW_SEMANTICS,,generator_fixture_not_human_gold
SYN-20260915-0533,regular,REVIEW_SEMANTICS,,generator_fixture_not_human_gold
SYN-20260915-0534,regular,REVIEW_SEMANTICS,,generator_fixture_not_human_gold
SYN-20260915-0535,regular,REVIEW_SEMANTICS,,generator_fixture_not_human_gold
SYN-20260915-0536,regular,REVIEW_SEMANTICS,,generator_fixture_not_human_gold
SYN-20260915-0537,regular,REVIEW_SEMANTICS,,generator_fixture_not_human_gold
SYN-20260915-0538,regular,REVIEW_SEMANTICS,,generator_fixture_not_human_gold
SYN-20260915-0539,regular,REVIEW_SEMANTICS,,generator_fixture_not_human_gold
SYN-20260915-0540,regular,REVIEW_SEMANTICS,,generator_fixture_not_human_gold
SYN-20260915-0541,regular,REVIEW_SEMANTICS,,generator_fixture_not_human_gold
SYN-20260915-0542,regular,REVIEW_SEMANTICS,,generator_fixture_not_human_gold
SYN-20260915-0543,regular,REVIEW_SEMANTICS,,generator_fixture_not_human_gold
SYN-20260915-0544,regular,REVIEW_SEMANTICS,,generator_fixture_not_human_gold
SYN-20260915-0545,regular,REVIEW_SEMANTICS,,generator_fixture_not_human_gold
SYN-20260915-0546,regular,REVIEW_SEMANTICS,,generator_fixture_not_human_gold
SYN-20260915-0547,regular,REVIEW_SEMANTICS,,generator_fixture_not_human_gold
SYN-20260915-0548,regular,REVIEW_SEMANTICS,,generator_fixture_not_human_gold
SYN-20260915-0549,regular,REVIEW_SEMANTICS,,generator_fixture_not_human_gold
SYN-20260915-0550,regular,REVIEW_SEMANTICS,,generator_fixture_not_human_gold
SYN-20260915-0551,regular,REVIEW_SEMANTICS,,generator_fixture_not_human_gold
SYN-20260915-0552,regular,REVIEW_SEMANTICS,,generator_fixture_not_human_gold
SYN-20260915-0553,regular,REVIEW_SEMANTICS,,generator_fixture_not_human_gold
SYN-20260915-0554,regular,REVIEW_SEMANTICS,,generator_fixture_not_human_gold
SYN-20260915-0555,regular,REVIEW_SEMANTICS,,generator_fixture_not_human_gold
SYN-20260915-0556,regular,REVIEW_SEMANTICS,,generator_fixture_not_human_gold
SYN-20260915-0557,regular,REVIEW_SEMANTICS,,generator_fixture_not_human_gold
SYN-20260915-0558,regular,REVIEW_SEMANTICS,,generator_fixture_not_human_gold
SYN-20260915-0559,regular,REVIEW_SEMANTICS,,generator_fixture_not_human_gold
SYN-20260915-0560,regular,REVIEW_SEMANTICS,,generator_fixture_not_human_gold
SYN-20260915-0561,regular,REVIEW_SEMANTICS,,generator_fixture_not_human_gold
SYN-20260915-0562,regular,REVIEW_SEMANTICS,,generator_fixture_not_human_gold
SYN-20260915-0563,regular,REVIEW_SEMANTICS,,generator_fixture_not_human_gold
SYN-20260915-0564,regular,REVIEW_SEMANTICS,,generator_fixture_not_human_gold
SYN-20260915-0565,regular,REVIEW_SEMANTICS,,generator_fixture_not_human_gold
SYN-20260915-0566,regular,REVIEW_SEMANTICS,,generator_fixture_not_human_gold
SYN-20260915-0567,regular,REVIEW_SEMANTICS,,generator_fixture_not_human_gold
SYN-20260915-0568,regular,REVIEW_SEMANTICS,,generator_fixture_not_human_gold
SYN-20260915-0569,regular,REVIEW_SEMANTICS,,generator_fixture_not_human_gold
SYN-20260915-0570,regular,REVIEW_SEMANTICS,,generator_fixture_not_human_gold
SYN-20260915-0571,regular,REVIEW_SEMANTICS,,generator_fixture_not_human_gold
SYN-20260915-0572,regular,REVIEW_SEMANTICS,,generator_fixture_not_human_gold
SYN-20260915-0573,regular,REVIEW_SEMANTICS,,generator_fixture_not_human_gold
SYN-20260915-0574,regular,REVIEW_SEMANTICS,,generator_fixture_not_human_gold
SYN-20260915-0575,regular,REVIEW_SEMANTICS,,generator_fixture_not_human_gold
SYN-20260915-0576,regular,REVIEW_SEMANTICS,,generator_fixture_not_human_gold
SYN-20260915-0577,regular,REVIEW_SEMANTICS,,generator_fixture_not_human_gold
SYN-20260915-0578,regular,REVIEW_SEMANTICS,,generator_fixture_not_human_gold
SYN-20260915-0579,regular,REVIEW_SEMANTICS,,generator_fixture_not_human_gold
SYN-20260915-0580,regular,REVIEW_SEMANTICS,,generator_fixture_not_human_gold
SYN-20260915-0581,regular,REVIEW_SEMANTICS,,generator_fixture_not_human_gold
SYN-20260915-0582,regular,REVIEW_SEMANTICS,,generator_fixture_not_human_gold
SYN-20260915-0583,regular,REVIEW_SEMANTICS,,generator_fixture_not_human_gold
SYN-20260915-0584,regular,REVIEW_SEMANTICS,,generator_fixture_not_human_gold
SYN-20260915-0585,regular,REVIEW_SEMANTICS,,generator_fixture_not_human_gold
SYN-20260915-0586,regular,REVIEW_SEMANTICS,,generator_fixture_not_human_gold
SYN-20260915-0587,regular,REVIEW_SEMANTICS,,generator_fixture_not_human_gold
SYN-20260915-0588,regular,REVIEW_SEMANTICS,,generator_fixture_not_human_gold
SYN-20260915-0589,regular,REVIEW_SEMANTICS,,generator_fixture_not_human_gold
SYN-20260915-0590,regular,REVIEW_SEMANTICS,,generator_fixture_not_human_gold
SYN-20260915-0591,regular,REVIEW_SEMANTICS,,generator_fixture_not_human_gold
SYN-20260915-0592,regular,REVIEW_SEMANTICS,,generator_fixture_not_human_gold
SYN-20260915-0593,regular,REVIEW_SEMANTICS,,generator_fixture_not_human_gold
SYN-20260915-0594,regular,REVIEW_SEMANTICS,,generator_fixture_not_human_gold
SYN-20260915-0595,regular,REVIEW_SEMANTICS,,generator_fixture_not_human_gold
SYN-20260915-0596,regular,REVIEW_SEMANTICS,,generator_fixture_not_human_gold
SYN-20260915-0597,regular,REVIEW_SEMANTICS,,generator_fixture_not_human_gold
SYN-20260915-0598,regular,REVIEW_SEMANTICS,,generator_fixture_not_human_gold
SYN-20260915-0599,regular,REVIEW_SEMANTICS,,generator_fixture_not_human_gold
SYN-20260915-0600,regular,REVIEW_SEMANTICS,,generator_fixture_not_human_gold
SYN-20260915-0601,regular,REVIEW_SEMANTICS,,generator_fixture_not_human_gold
SYN-20260915-0602,regular,REVIEW_SEMANTICS,,generator_fixture_not_human_gold
SYN-20260915-0603,regular,REVIEW_SEMANTICS,,generator_fixture_not_human_gold
SYN-20260915-0604,regular,REVIEW_SEMANTICS,,generator_fixture_not_human_gold
SYN-20260915-0605,regular,REVIEW_SEMANTICS,,generator_fixture_not_human_gold
SYN-20260915-0606,regular,REVIEW_SEMANTICS,,generator_fixture_not_human_gold
SYN-20260915-0607,regular,REVIEW_SEMANTICS,,generator_fixture_not_human_gold
SYN-20260915-0608,regular,REVIEW_SEMANTICS,,generator_fixture_not_human_gold
SYN-20260915-0609,regular,REVIEW_SEMANTICS,,generator_fixture_not_human_gold
SYN-20260915-0610,regular,REVIEW_SEMANTICS,,generator_fixture_not_human_gold
SYN-20260915-0611,regular,REVIEW_SEMANTICS,,generator_fixture_not_human_gold
SYN-20260915-0612,regular,REVIEW_SEMANTICS,,generator_fixture_not_human_gold
SYN-20260915-0613,regular,REVIEW_SEMANTICS,,generator_fixture_not_human_gold
SYN-20260915-0614,regular,REVIEW_SEMANTICS,,generator_fixture_not_human_gold
SYN-20260915-0615,regular,REVIEW_SEMANTICS,,generator_fixture_not_human_gold
SYN-20260915-0616,regular,REVIEW_SEMANTICS,,generator_fixture_not_human_gold
SYN-20260915-0617,regular,REVIEW_SEMANTICS,,generator_fixture_not_human_gold
SYN-20260915-0618,regular,REVIEW_SEMANTICS,,generator_fixture_not_human_gold
SYN-20260915-0619,regular,REVIEW_SEMANTICS,,generator_fixture_not_human_gold
SYN-20260915-0620,regular,REVIEW_SEMANTICS,,generator_fixture_not_human_gold
SYN-20260915-0621,regular,REVIEW_SEMANTICS,,generator_fixture_not_human_gold
SYN-20260915-0622,regular,REVIEW_SEMANTICS,,generator_fixture_not_human_gold
SYN-20260915-0623,regular,REVIEW_SEMANTICS,,generator_fixture_not_human_gold
SYN-20260915-0624,regular,REVIEW_SEMANTICS,,generator_fixture_not_human_gold
SYN-20260915-0625,regular,REVIEW_SEMANTICS,,generator_fixture_not_human_gold
SYN-20260915-0626,regular,REVIEW_SEMANTICS,,generator_fixture_not_human_gold
SYN-20260915-0627,regular,REVIEW_SEMANTICS,,generator_fixture_not_human_gold
SYN-20260915-0628,regular,REVIEW_SEMANTICS,,generator_fixture_not_human_gold
SYN-20260915-0629,regular,REVIEW_SEMANTICS,,generator_fixture_not_human_gold
SYN-20260915-0630,regular,REVIEW_SEMANTICS,,generator_fixture_not_human_gold
SYN-20260915-0631,regular,REVIEW_SEMANTICS,,generator_fixture_not_human_gold
SYN-20260915-0632,regular,REVIEW_SEMANTICS,,generator_fixture_not_human_gold
SYN-20260915-0633,regular,REVIEW_SEMANTICS,,generator_fixture_not_human_gold
SYN-20260915-0634,regular,REVIEW_SEMANTICS,,generator_fixture_not_human_gold
SYN-20260915-0635,regular,REVIEW_SEMANTICS,,generator_fixture_not_human_gold
SYN-20260915-0636,regular,REVIEW_SEMANTICS,,generator_fixture_not_human_gold
SYN-20260915-0637,regular,REVIEW_SEMANTICS,,generator_fixture_not_human_gold
SYN-20260915-0638,regular,REVIEW_SEMANTICS,,generator_fixture_not_human_gold
SYN-20260915-0639,regular,REVIEW_SEMANTICS,,generator_fixture_not_human_gold
SYN-20260915-0640,regular,REVIEW_SEMANTICS,,generator_fixture_not_human_gold
SYN-20260915-0641,regular,REVIEW_SEMANTICS,,generator_fixture_not_human_gold
SYN-20260915-0642,regular,REVIEW_SEMANTICS,,generator_fixture_not_human_gold
SYN-20260915-0643,regular,REVIEW_SEMANTICS,,generator_fixture_not_human_gold
SYN-20260915-0644,regular,REVIEW_SEMANTICS,,generator_fixture_not_human_gold
SYN-20260915-0645,regular,REVIEW_SEMANTICS,,generator_fixture_not_human_gold
SYN-20260915-0646,regular,REVIEW_SEMANTICS,,generator_fixture_not_human_gold
SYN-20260915-0647,regular,REVIEW_SEMANTICS,,generator_fixture_not_human_gold
SYN-20260915-0648,regular,REVIEW_SEMANTICS,,generator_fixture_not_human_gold
SYN-20260915-0649,regular,REVIEW_SEMANTICS,,generator_fixture_not_human_gold
SYN-20260915-0650,regular,REVIEW_SEMANTICS,,generator_fixture_not_human_gold
SYN-20260915-0651,regular,REVIEW_SEMANTICS,,generator_fixture_not_human_gold
SYN-20260915-0652,regular,REVIEW_SEMANTICS,,generator_fixture_not_human_gold
SYN-20260915-0653,regular,REVIEW_SEMANTICS,,generator_fixture_not_human_gold
SYN-20260915-0654,regular,REVIEW_SEMANTICS,,generator_fixture_not_human_gold
SYN-20260915-0655,regular,REVIEW_SEMANTICS,,generator_fixture_not_human_gold
SYN-20260915-0656,regular,REVIEW_SEMANTICS,,generator_fixture_not_human_gold
SYN-20260915-0657,regular,REVIEW_SEMANTICS,,generator_fixture_not_human_gold
SYN-20260915-0658,regular,REVIEW_SEMANTICS,,generator_fixture_not_human_gold
SYN-20260915-0659,regular,REVIEW_SEMANTICS,,generator_fixture_not_human_gold
SYN-20260915-0660,regular,REVIEW_SEMANTICS,,generator_fixture_not_human_gold
SYN-20260915-0661,regular,REVIEW_SEMANTICS,,generator_fixture_not_human_gold
SYN-20260915-0662,regular,REVIEW_SEMANTICS,,generator_fixture_not_human_gold
SYN-20260915-0663,regular,REVIEW_SEMANTICS,,generator_fixture_not_human_gold
SYN-20260915-0664,regular,REVIEW_SEMANTICS,,generator_fixture_not_human_gold
SYN-20260915-0665,regular,REVIEW_SEMANTICS,,generator_fixture_not_human_gold
SYN-20260915-0666,regular,REVIEW_SEMANTICS,,generator_fixture_not_human_gold
SYN-20260915-0667,regular,REVIEW_SEMANTICS,,generator_fixture_not_human_gold
SYN-20260915-0668,regular,REVIEW_SEMANTICS,,generator_fixture_not_human_gold
SYN-20260915-0669,regular,REVIEW_SEMANTICS,,generator_fixture_not_human_gold
SYN-20260915-0670,regular,REVIEW_SEMANTICS,,generator_fixture_not_human_gold
SYN-20260915-0671,regular,REVIEW_SEMANTICS,,generator_fixture_not_human_gold
SYN-20260915-0672,regular,REVIEW_SEMANTICS,,generator_fixture_not_human_gold
SYN-20260915-0673,regular,REVIEW_SEMANTICS,,generator_fixture_not_human_gold
SYN-20260915-0674,regular,REVIEW_SEMANTICS,,generator_fixture_not_human_gold
SYN-20260915-0675,regular,REVIEW_SEMANTICS,,generator_fixture_not_human_gold
SYN-20260915-0676,regular,REVIEW_SEMANTICS,,generator_fixture_not_human_gold
SYN-20260915-0677,regular,REVIEW_SEMANTICS,,generator_fixture_not_human_gold
SYN-20260915-0678,regular,REVIEW_SEMANTICS,,generator_fixture_not_human_gold
SYN-20260915-0679,regular,REVIEW_SEMANTICS,,generator_fixture_not_human_gold
SYN-20260915-0680,regular,REVIEW_SEMANTICS,,generator_fixture_not_human_gold
SYN-20260915-0681,regular,REVIEW_SEMANTICS,,generator_fixture_not_human_gold
SYN-20260915-0682,regular,REVIEW_SEMANTICS,,generator_fixture_not_human_gold
SYN-20260915-0683,regular,REVIEW_SEMANTICS,,generator_fixture_not_human_gold
SYN-20260915-0684,regular,REVIEW_SEMANTICS,,generator_fixture_not_human_gold
SYN-20260915-0685,regular,REVIEW_SEMANTICS,,generator_fixture_not_human_gold
SYN-20260915-0686,regular,REVIEW_SEMANTICS,,generator_fixture_not_human_gold
SYN-20260915-0687,regular,REVIEW_SEMANTICS,,generator_fixture_not_human_gold
SYN-20260915-0688,regular,REVIEW_SEMANTICS,,generator_fixture_not_human_gold
SYN-20260915-0689,regular,REVIEW_SEMANTICS,,generator_fixture_not_human_gold
SYN-20260915-0690,regular,REVIEW_SEMANTICS,,generator_fixture_not_human_gold
SYN-20260915-0691,regular,REVIEW_SEMANTICS,,generator_fixture_not_human_gold
SYN-20260915-0692,regular,REVIEW_SEMANTICS,,generator_fixture_not_human_gold
SYN-20260915-0693,regular,REVIEW_SEMANTICS,,generator_fixture_not_human_gold
SYN-20260915-0694,regular,REVIEW_SEMANTICS,,generator_fixture_not_human_gold
SYN-20260915-0695,regular,REVIEW_SEMANTICS,,generator_fixture_not_human_gold
SYN-20260915-0696,regular,REVIEW_SEMANTICS,,generator_fixture_not_human_gold
SYN-20260915-0697,regular,REVIEW_SEMANTICS,,generator_fixture_not_human_gold
SYN-20260915-0698,regular,REVIEW_SEMANTICS,,generator_fixture_not_human_gold
SYN-20260915-0699,regular,REVIEW_SEMANTICS,,generator_fixture_not_human_gold
SYN-20260915-0700,regular,REVIEW_SEMANTICS,,generator_fixture_not_human_gold
SYN-20260915-0701,regular,REVIEW_SEMANTICS,,generator_fixture_not_human_gold
SYN-20260915-0702,regular,REVIEW_SEMANTICS,,generator_fixture_not_human_gold
SYN-20260915-0703,regular,REVIEW_SEMANTICS,,generator_fixture_not_human_gold
SYN-20260915-0704,regular,REVIEW_SEMANTICS,,generator_fixture_not_human_gold
SYN-20260915-0705,regular,REVIEW_SEMANTICS,,generator_fixture_not_human_gold
SYN-20260915-0706,regular,REVIEW_SEMANTICS,,generator_fixture_not_human_gold
SYN-20260915-0707,regular,REVIEW_SEMANTICS,,generator_fixture_not_human_gold
SYN-20260915-0708,regular,REVIEW_SEMANTICS,,generator_fixture_not_human_gold
SYN-20260915-0709,regular,REVIEW_SEMANTICS,,generator_fixture_not_human_gold
SYN-20260915-0710,regular,REVIEW_SEMANTICS,,generator_fixture_not_human_gold
SYN-20260915-0711,regular,REVIEW_SEMANTICS,,generator_fixture_not_human_gold
SYN-20260915-0712,regular,REVIEW_SEMANTICS,,generator_fixture_not_human_gold
SYN-20260915-0713,regular,REVIEW_SEMANTICS,,generator_fixture_not_human_gold
SYN-20260915-0714,regular,REVIEW_SEMANTICS,,generator_fixture_not_human_gold
SYN-20260915-0715,regular,REVIEW_SEMANTICS,,generator_fixture_not_human_gold
SYN-20260915-0716,regular,REVIEW_SEMANTICS,,generator_fixture_not_human_gold
SYN-20260915-0717,regular,REVIEW_SEMANTICS,,generator_fixture_not_human_gold
SYN-20260915-0718,regular,REVIEW_SEMANTICS,,generator_fixture_not_human_gold
SYN-20260915-0719,regular,REVIEW_SEMANTICS,,generator_fixture_not_human_gold
SYN-20260915-0720,regular,REVIEW_SEMANTICS,,generator_fixture_not_human_gold
SYN-20260915-0721,regular,REVIEW_SEMANTICS,,generator_fixture_not_human_gold
SYN-20260915-0722,regular,REVIEW_SEMANTICS,,generator_fixture_not_human_gold
SYN-20260915-0723,regular,REVIEW_SEMANTICS,,generator_fixture_not_human_gold
SYN-20260915-0724,regular,REVIEW_SEMANTICS,,generator_fixture_not_human_gold
SYN-20260915-0725,regular,REVIEW_SEMANTICS,,generator_fixture_not_human_gold
SYN-20260915-0726,regular,REVIEW_SEMANTICS,,generator_fixture_not_human_gold
SYN-20260915-0727,regular,REVIEW_SEMANTICS,,generator_fixture_not_human_gold
SYN-20260915-0728,regular,REVIEW_SEMANTICS,,generator_fixture_not_human_gold
SYN-20260915-0729,regular,REVIEW_SEMANTICS,,generator_fixture_not_human_gold
SYN-20260915-0730,regular,REVIEW_SEMANTICS,,generator_fixture_not_human_gold
SYN-20260915-0731,regular,REVIEW_SEMANTICS,,generator_fixture_not_human_gold
SYN-20260915-0732,regular,REVIEW_SEMANTICS,,generator_fixture_not_human_gold
SYN-20260915-0733,regular,REVIEW_SEMANTICS,,generator_fixture_not_human_gold
SYN-20260915-0734,regular,REVIEW_SEMANTICS,,generator_fixture_not_human_gold
SYN-20260915-0735,regular,REVIEW_SEMANTICS,,generator_fixture_not_human_gold
SYN-20260915-0736,regular,REVIEW_SEMANTICS,,generator_fixture_not_human_gold
SYN-20260915-0737,regular,REVIEW_SEMANTICS,,generator_fixture_not_human_gold
SYN-20260915-0738,regular,REVIEW_SEMANTICS,,generator_fixture_not_human_gold
SYN-20260915-0739,regular,REVIEW_SEMANTICS,,generator_fixture_not_human_gold
SYN-20260915-0740,regular,REVIEW_SEMANTICS,,generator_fixture_not_human_gold
SYN-20260915-0741,regular,REVIEW_SEMANTICS,,generator_fixture_not_human_gold
SYN-20260915-0742,regular,REVIEW_SEMANTICS,,generator_fixture_not_human_gold
SYN-20260915-0743,regular,REVIEW_SEMANTICS,,generator_fixture_not_human_gold
SYN-20260915-0744,regular,REVIEW_SEMANTICS,,generator_fixture_not_human_gold
SYN-20260915-0745,regular,REVIEW_SEMANTICS,,generator_fixture_not_human_gold
SYN-20260915-0746,regular,REVIEW_SEMANTICS,,generator_fixture_not_human_gold
SYN-20260915-0747,regular,REVIEW_SEMANTICS,,generator_fixture_not_human_gold
SYN-20260915-0748,regular,REVIEW_SEMANTICS,,generator_fixture_not_human_gold
SYN-20260915-0749,regular,REVIEW_SEMANTICS,,generator_fixture_not_human_gold
SYN-20260915-0750,regular,REVIEW_SEMANTICS,,generator_fixture_not_human_gold
SYN-20260915-0751,regular,REVIEW_SEMANTICS,,generator_fixture_not_human_gold
SYN-20260915-0752,regular,REVIEW_SEMANTICS,,generator_fixture_not_human_gold
SYN-20260915-0753,regular,REVIEW_SEMANTICS,,generator_fixture_not_human_gold
SYN-20260915-0754,regular,REVIEW_SEMANTICS,,generator_fixture_not_human_gold
SYN-20260915-0755,regular,REVIEW_SEMANTICS,,generator_fixture_not_human_gold
SYN-20260915-0756,regular,REVIEW_SEMANTICS,,generator_fixture_not_human_gold
SYN-20260915-0757,regular,REVIEW_SEMANTICS,,generator_fixture_not_human_gold
SYN-20260915-0758,regular,REVIEW_SEMANTICS,,generator_fixture_not_human_gold
SYN-20260915-0759,regular,REVIEW_SEMANTICS,,generator_fixture_not_human_gold
SYN-20260915-0760,regular,REVIEW_SEMANTICS,,generator_fixture_not_human_gold
SYN-20260915-0761,regular,REVIEW_SEMANTICS,,generator_fixture_not_human_gold
SYN-20260915-0762,regular,REVIEW_SEMANTICS,,generator_fixture_not_human_gold
SYN-20260915-0763,regular,REVIEW_SEMANTICS,,generator_fixture_not_human_gold
SYN-20260915-0764,regular,REVIEW_SEMANTICS,,generator_fixture_not_human_gold
SYN-20260915-0765,regular,REVIEW_SEMANTICS,,generator_fixture_not_human_gold
SYN-20260915-0766,regular,REVIEW_SEMANTICS,,generator_fixture_not_human_gold
SYN-20260915-0767,regular,REVIEW_SEMANTICS,,generator_fixture_not_human_gold
SYN-20260915-0768,regular,REVIEW_SEMANTICS,,generator_fixture_not_human_gold
SYN-20260915-0769,regular,REVIEW_SEMANTICS,,generator_fixture_not_human_gold
SYN-20260915-0770,regular,REVIEW_SEMANTICS,,generator_fixture_not_human_gold
SYN-20260915-0771,regular,REVIEW_SEMANTICS,,generator_fixture_not_human_gold
SYN-20260915-0772,regular,REVIEW_SEMANTICS,,generator_fixture_not_human_gold
SYN-20260915-0773,regular,REVIEW_SEMANTICS,,generator_fixture_not_human_gold
SYN-20260915-0774,regular,REVIEW_SEMANTICS,,generator_fixture_not_human_gold
SYN-20260915-0775,regular,REVIEW_SEMANTICS,,generator_fixture_not_human_gold
SYN-20260915-0776,regular,REVIEW_SEMANTICS,,generator_fixture_not_human_gold
SYN-20260915-0777,regular,REVIEW_SEMANTICS,,generator_fixture_not_human_gold
SYN-20260915-0778,regular,REVIEW_SEMANTICS,,generator_fixture_not_human_gold
SYN-20260915-0779,regular,REVIEW_SEMANTICS,,generator_fixture_not_human_gold
SYN-20260915-0780,regular,REVIEW_SEMANTICS,,generator_fixture_not_human_gold
SYN-20260915-0781,regular,REVIEW_SEMANTICS,,generator_fixture_not_human_gold
SYN-20260915-0782,regular,REVIEW_SEMANTICS,,generator_fixture_not_human_gold
SYN-20260915-0783,regular,REVIEW_SEMANTICS,,generator_fixture_not_human_gold
SYN-20260915-0784,regular,REVIEW_SEMANTICS,,generator_fixture_not_human_gold
SYN-20260915-0785,regular,REVIEW_SEMANTICS,,generator_fixture_not_human_gold
SYN-20260915-0786,regular,REVIEW_SEMANTICS,,generator_fixture_not_human_gold
SYN-20260915-0787,regular,REVIEW_SEMANTICS,,generator_fixture_not_human_gold
SYN-20260915-0788,regular,REVIEW_SEMANTICS,,generator_fixture_not_human_gold
SYN-20260915-0789,regular,REVIEW_SEMANTICS,,generator_fixture_not_human_gold
SYN-20260915-0790,regular,REVIEW_SEMANTICS,,generator_fixture_not_human_gold
SYN-20260915-0791,regular,REVIEW_SEMANTICS,,generator_fixture_not_human_gold
SYN-20260915-0792,regular,REVIEW_SEMANTICS,,generator_fixture_not_human_gold
SYN-20260915-0793,regular,REVIEW_SEMANTICS,,generator_fixture_not_human_gold
SYN-20260915-0794,regular,REVIEW_SEMANTICS,,generator_fixture_not_human_gold
SYN-20260915-0795,regular,REVIEW_SEMANTICS,,generator_fixture_not_human_gold
SYN-20260915-0796,regular,REVIEW_SEMANTICS,,generator_fixture_not_human_gold
SYN-20260915-0797,regular,REVIEW_SEMANTICS,,generator_fixture_not_human_gold
SYN-20260915-0798,regular,REVIEW_SEMANTICS,,generator_fixture_not_human_gold
SYN-20260915-0799,regular,REVIEW_SEMANTICS,,generator_fixture_not_human_gold
SYN-20260915-0800,regular,REVIEW_SEMANTICS,,generator_fixture_not_human_gold
SYN-20260915-0801,regular,REVIEW_SEMANTICS,,generator_fixture_not_human_gold
SYN-20260915-0802,regular,REVIEW_SEMANTICS,,generator_fixture_not_human_gold
SYN-20260915-0803,regular,REVIEW_SEMANTICS,,generator_fixture_not_human_gold
SYN-20260915-0804,regular,REVIEW_SEMANTICS,,generator_fixture_not_human_gold
SYN-20260915-0805,regular,REVIEW_SEMANTICS,,generator_fixture_not_human_gold
SYN-20260915-0806,regular,REVIEW_SEMANTICS,,generator_fixture_not_human_gold
SYN-20260915-0807,regular,REVIEW_SEMANTICS,,generator_fixture_not_human_gold
SYN-20260915-0808,regular,REVIEW_SEMANTICS,,generator_fixture_not_human_gold
SYN-20260915-0809,regular,REVIEW_SEMANTICS,,generator_fixture_not_human_gold
SYN-20260915-0810,regular,REVIEW_SEMANTICS,,generator_fixture_not_human_gold
SYN-20260915-0811,regular,REVIEW_SEMANTICS,,generator_fixture_not_human_gold
SYN-20260915-0812,regular,REVIEW_SEMANTICS,,generator_fixture_not_human_gold
SYN-20260915-0813,regular,REVIEW_SEMANTICS,,generator_fixture_not_human_gold
SYN-20260915-0814,regular,REVIEW_SEMANTICS,,generator_fixture_not_human_gold
SYN-20260915-0815,regular,REVIEW_SEMANTICS,,generator_fixture_not_human_gold
SYN-20260915-0816,regular,REVIEW_SEMANTICS,,generator_fixture_not_human_gold
SYN-20260915-0817,regular,REVIEW_SEMANTICS,,generator_fixture_not_human_gold
SYN-20260915-0818,regular,REVIEW_SEMANTICS,,generator_fixture_not_human_gold
SYN-20260915-0819,regular,REVIEW_SEMANTICS,,generator_fixture_not_human_gold
SYN-20260915-0820,regular,REVIEW_SEMANTICS,,generator_fixture_not_human_gold
SYN-20260915-0821,regular,REVIEW_SEMANTICS,,generator_fixture_not_human_gold
SYN-20260915-0822,regular,REVIEW_SEMANTICS,,generator_fixture_not_human_gold
SYN-20260915-0823,regular,REVIEW_SEMANTICS,,generator_fixture_not_human_gold
SYN-20260915-0824,regular,REVIEW_SEMANTICS,,generator_fixture_not_human_gold
SYN-20260915-0825,regular,REVIEW_SEMANTICS,,generator_fixture_not_human_gold
SYN-20260915-0826,regular,REVIEW_SEMANTICS,,generator_fixture_not_human_gold
SYN-20260915-0827,regular,REVIEW_SEMANTICS,,generator_fixture_not_human_gold
SYN-20260915-0828,regular,REVIEW_SEMANTICS,,generator_fixture_not_human_gold
SYN-20260915-0829,regular,REVIEW_SEMANTICS,,generator_fixture_not_human_gold
SYN-20260915-0830,regular,REVIEW_SEMANTICS,,generator_fixture_not_human_gold
SYN-20260915-0831,regular,REVIEW_SEMANTICS,,generator_fixture_not_human_gold
SYN-20260915-0832,regular,REVIEW_SEMANTICS,,generator_fixture_not_human_gold
SYN-20260915-0833,regular,REVIEW_SEMANTICS,,generator_fixture_not_human_gold
SYN-20260915-0834,regular,REVIEW_SEMANTICS,,generator_fixture_not_human_gold
SYN-20260915-0835,regular,REVIEW_SEMANTICS,,generator_fixture_not_human_gold
SYN-20260915-0836,regular,REVIEW_SEMANTICS,,generator_fixture_not_human_gold
SYN-20260915-0837,regular,REVIEW_SEMANTICS,,generator_fixture_not_human_gold
SYN-20260915-0838,regular,REVIEW_SEMANTICS,,generator_fixture_not_human_gold
SYN-20260915-0839,regular,REVIEW_SEMANTICS,,generator_fixture_not_human_gold
SYN-20260915-0840,regular,REVIEW_SEMANTICS,,generator_fixture_not_human_gold
SYN-20260915-0841,regular,REVIEW_SEMANTICS,,generator_fixture_not_human_gold
SYN-20260915-0842,regular,REVIEW_SEMANTICS,,generator_fixture_not_human_gold
SYN-20260915-0843,regular,REVIEW_SEMANTICS,,generator_fixture_not_human_gold
SYN-20260915-0844,regular,REVIEW_SEMANTICS,,generator_fixture_not_human_gold
SYN-20260915-0845,regular,REVIEW_SEMANTICS,,generator_fixture_not_human_gold
SYN-20260915-0846,regular,REVIEW_SEMANTICS,,generator_fixture_not_human_gold
SYN-20260915-0847,regular,REVIEW_SEMANTICS,,generator_fixture_not_human_gold
SYN-20260915-0848,regular,REVIEW_SEMANTICS,,generator_fixture_not_human_gold
SYN-20260915-0849,regular,REVIEW_SEMANTICS,,generator_fixture_not_human_gold
SYN-20260915-0850,regular,REVIEW_SEMANTICS,,generator_fixture_not_human_gold
SYN-20260915-0851,regular,REVIEW_SEMANTICS,,generator_fixture_not_human_gold
SYN-20260915-0852,regular,REVIEW_SEMANTICS,,generator_fixture_not_human_gold
SYN-20260915-0853,regular,REVIEW_SEMANTICS,,generator_fixture_not_human_gold
SYN-20260915-0854,regular,REVIEW_SEMANTICS,,generator_fixture_not_human_gold
SYN-20260915-0855,regular,REVIEW_SEMANTICS,,generator_fixture_not_human_gold
SYN-20260915-0856,regular,REVIEW_SEMANTICS,,generator_fixture_not_human_gold
SYN-20260915-0857,regular,REVIEW_SEMANTICS,,generator_fixture_not_human_gold
SYN-20260915-0858,regular,REVIEW_SEMANTICS,,generator_fixture_not_human_gold
SYN-20260915-0859,regular,REVIEW_SEMANTICS,,generator_fixture_not_human_gold
SYN-20260915-0860,regular,REVIEW_SEMANTICS,,generator_fixture_not_human_gold
SYN-20260915-0861,regular,REVIEW_SEMANTICS,,generator_fixture_not_human_gold
SYN-20260915-0862,regular,REVIEW_SEMANTICS,,generator_fixture_not_human_gold
SYN-20260915-0863,regular,REVIEW_SEMANTICS,,generator_fixture_not_human_gold
SYN-20260915-0864,regular,REVIEW_SEMANTICS,,generator_fixture_not_human_gold
SYN-20260915-0865,regular,REVIEW_SEMANTICS,,generator_fixture_not_human_gold
SYN-20260915-0866,regular,REVIEW_SEMANTICS,,generator_fixture_not_human_gold
SYN-20260915-0867,regular,REVIEW_SEMANTICS,,generator_fixture_not_human_gold
SYN-20260915-0868,regular,REVIEW_SEMANTICS,,generator_fixture_not_human_gold
SYN-20260915-0869,regular,REVIEW_SEMANTICS,,generator_fixture_not_human_gold
SYN-20260915-0870,regular,REVIEW_SEMANTICS,,generator_fixture_not_human_gold
SYN-20260915-0871,regular,REVIEW_SEMANTICS,,generator_fixture_not_human_gold
SYN-20260915-0872,regular,REVIEW_SEMANTICS,,generator_fixture_not_human_gold
SYN-20260915-0873,regular,REVIEW_SEMANTICS,,generator_fixture_not_human_gold
SYN-20260915-0874,regular,REVIEW_SEMANTICS,,generator_fixture_not_human_gold
SYN-20260915-0875,regular,REVIEW_SEMANTICS,,generator_fixture_not_human_gold
SYN-20260915-0876,regular,REVIEW_SEMANTICS,,generator_fixture_not_human_gold
SYN-20260915-0877,regular,REVIEW_SEMANTICS,,generator_fixture_not_human_gold
SYN-20260915-0878,regular,REVIEW_SEMANTICS,,generator_fixture_not_human_gold
SYN-20260915-0879,regular,REVIEW_SEMANTICS,,generator_fixture_not_human_gold
SYN-20260915-0880,regular,REVIEW_SEMANTICS,,generator_fixture_not_human_gold
SYN-20260915-0881,regular,REVIEW_SEMANTICS,,generator_fixture_not_human_gold
SYN-20260915-0882,regular,REVIEW_SEMANTICS,,generator_fixture_not_human_gold
SYN-20260915-0883,regular,REVIEW_SEMANTICS,,generator_fixture_not_human_gold
SYN-20260915-0884,regular,REVIEW_SEMANTICS,,generator_fixture_not_human_gold
SYN-20260915-0885,regular,REVIEW_SEMANTICS,,generator_fixture_not_human_gold
SYN-20260915-0886,regular,REVIEW_SEMANTICS,,generator_fixture_not_human_gold
SYN-20260915-0887,regular,REVIEW_SEMANTICS,,generator_fixture_not_human_gold
SYN-20260915-0888,regular,REVIEW_SEMANTICS,,generator_fixture_not_human_gold
SYN-20260915-0889,regular,REVIEW_SEMANTICS,,generator_fixture_not_human_gold
SYN-20260915-0890,regular,REVIEW_SEMANTICS,,generator_fixture_not_human_gold
SYN-20260915-0891,regular,REVIEW_SEMANTICS,,generator_fixture_not_human_gold
SYN-20260915-0892,regular,REVIEW_SEMANTICS,,generator_fixture_not_human_gold
SYN-20260915-0893,regular,REVIEW_SEMANTICS,,generator_fixture_not_human_gold
SYN-20260915-0894,regular,REVIEW_SEMANTICS,,generator_fixture_not_human_gold
SYN-20260915-0895,regular,REVIEW_SEMANTICS,,generator_fixture_not_human_gold
SYN-20260915-0896,regular,REVIEW_SEMANTICS,,generator_fixture_not_human_gold
SYN-20260915-0897,regular,REVIEW_SEMANTICS,,generator_fixture_not_human_gold
SYN-20260915-0898,regular,REVIEW_SEMANTICS,,generator_fixture_not_human_gold
SYN-20260915-0899,regular,REVIEW_SEMANTICS,,generator_fixture_not_human_gold
SYN-20260915-0900,regular,REVIEW_SEMANTICS,,generator_fixture_not_human_gold
SYN-20260915-0901,regular,REVIEW_SEMANTICS,,generator_fixture_not_human_gold
SYN-20260915-0902,regular,REVIEW_SEMANTICS,,generator_fixture_not_human_gold
SYN-20260915-0903,regular,REVIEW_SEMANTICS,,generator_fixture_not_human_gold
SYN-20260915-0904,regular,REVIEW_SEMANTICS,,generator_fixture_not_human_gold
SYN-20260915-0905,regular,REVIEW_SEMANTICS,,generator_fixture_not_human_gold
SYN-20260915-0906,regular,REVIEW_SEMANTICS,,generator_fixture_not_human_gold
SYN-20260915-0907,regular,REVIEW_SEMANTICS,,generator_fixture_not_human_gold
SYN-20260915-0908,regular,REVIEW_SEMANTICS,,generator_fixture_not_human_gold
SYN-20260915-0909,regular,REVIEW_SEMANTICS,,generator_fixture_not_human_gold
SYN-20260915-0910,regular,REVIEW_SEMANTICS,,generator_fixture_not_human_gold
SYN-20260915-0911,regular,REVIEW_SEMANTICS,,generator_fixture_not_human_gold
SYN-20260915-0912,regular,REVIEW_SEMANTICS,,generator_fixture_not_human_gold
SYN-20260915-0913,regular,REVIEW_SEMANTICS,,generator_fixture_not_human_gold
SYN-20260915-0914,regular,REVIEW_SEMANTICS,,generator_fixture_not_human_gold
SYN-20260915-0915,regular,REVIEW_SEMANTICS,,generator_fixture_not_human_gold
SYN-20260915-0916,regular,REVIEW_SEMANTICS,,generator_fixture_not_human_gold
SYN-20260915-0917,regular,REVIEW_SEMANTICS,,generator_fixture_not_human_gold
SYN-20260915-0918,regular,REVIEW_SEMANTICS,,generator_fixture_not_human_gold
SYN-20260915-0919,regular,REVIEW_SEMANTICS,,generator_fixture_not_human_gold
SYN-20260915-0920,regular,REVIEW_SEMANTICS,,generator_fixture_not_human_gold
SYN-20260915-0921,regular,REVIEW_SEMANTICS,,generator_fixture_not_human_gold
SYN-20260915-0922,regular,REVIEW_SEMANTICS,,generator_fixture_not_human_gold
SYN-20260915-0923,regular,REVIEW_SEMANTICS,,generator_fixture_not_human_gold
SYN-20260915-0924,regular,REVIEW_SEMANTICS,,generator_fixture_not_human_gold
SYN-20260915-0925,regular,REVIEW_SEMANTICS,,generator_fixture_not_human_gold
SYN-20260915-0926,regular,REVIEW_SEMANTICS,,generator_fixture_not_human_gold
SYN-20260915-0927,regular,REVIEW_SEMANTICS,,generator_fixture_not_human_gold
SYN-20260915-0928,regular,REVIEW_SEMANTICS,,generator_fixture_not_human_gold
SYN-20260915-0929,regular,REVIEW_SEMANTICS,,generator_fixture_not_human_gold
SYN-20260915-0930,regular,REVIEW_SEMANTICS,,generator_fixture_not_human_gold
SYN-20260915-0931,regular,REVIEW_SEMANTICS,,generator_fixture_not_human_gold
SYN-20260915-0932,regular,REVIEW_SEMANTICS,,generator_fixture_not_human_gold
SYN-20260915-0933,regular,REVIEW_SEMANTICS,,generator_fixture_not_human_gold
SYN-20260915-0934,regular,REVIEW_SEMANTICS,,generator_fixture_not_human_gold
SYN-20260915-0935,regular,REVIEW_SEMANTICS,,generator_fixture_not_human_gold
SYN-20260915-0936,regular,REVIEW_SEMANTICS,,generator_fixture_not_human_gold
SYN-20260915-0937,regular,REVIEW_SEMANTICS,,generator_fixture_not_human_gold
SYN-20260915-0938,regular,REVIEW_SEMANTICS,,generator_fixture_not_human_gold
SYN-20260915-0939,regular,REVIEW_SEMANTICS,,generator_fixture_not_human_gold
SYN-20260915-0940,regular,REVIEW_SEMANTICS,,generator_fixture_not_human_gold
SYN-20260915-0941,regular,REVIEW_SEMANTICS,,generator_fixture_not_human_gold
SYN-20260915-0942,regular,REVIEW_SEMANTICS,,generator_fixture_not_human_gold
SYN-20260915-0943,regular,REVIEW_SEMANTICS,,generator_fixture_not_human_gold
SYN-20260915-0944,regular,REVIEW_SEMANTICS,,generator_fixture_not_human_gold
SYN-20260915-0945,regular,REVIEW_SEMANTICS,,generator_fixture_not_human_gold
SYN-20260915-0946,regular,REVIEW_SEMANTICS,,generator_fixture_not_human_gold
SYN-20260915-0947,regular,REVIEW_SEMANTICS,,generator_fixture_not_human_gold
SYN-20260915-0948,regular,REVIEW_SEMANTICS,,generator_fixture_not_human_gold
SYN-20260915-0949,regular,REVIEW_SEMANTICS,,generator_fixture_not_human_gold
SYN-20260915-0950,regular,REVIEW_SEMANTICS,,generator_fixture_not_human_gold
SYN-20260915-0951,regular,REVIEW_SEMANTICS,,generator_fixture_not_human_gold
SYN-20260915-0952,regular,REVIEW_SEMANTICS,,generator_fixture_not_human_gold
SYN-20260915-0953,regular,REVIEW_SEMANTICS,,generator_fixture_not_human_gold
SYN-20260915-0954,regular,REVIEW_SEMANTICS,,generator_fixture_not_human_gold
SYN-20260915-0955,regular,REVIEW_SEMANTICS,,generator_fixture_not_human_gold
SYN-20260915-0956,regular,REVIEW_SEMANTICS,,generator_fixture_not_human_gold
SYN-20260915-0957,regular,REVIEW_SEMANTICS,,generator_fixture_not_human_gold
SYN-20260915-0958,regular,REVIEW_SEMANTICS,,generator_fixture_not_human_gold
SYN-20260915-0959,regular,REVIEW_SEMANTICS,,generator_fixture_not_human_gold
SYN-20260915-0960,regular,REVIEW_SEMANTICS,,generator_fixture_not_human_gold
SYN-20260915-0961,regular,REVIEW_SEMANTICS,,generator_fixture_not_human_gold
SYN-20260915-0962,regular,REVIEW_SEMANTICS,,generator_fixture_not_human_gold
SYN-20260915-0963,regular,REVIEW_SEMANTICS,,generator_fixture_not_human_gold
SYN-20260915-0964,regular,REVIEW_SEMANTICS,,generator_fixture_not_human_gold
SYN-20260915-0965,regular,REVIEW_SEMANTICS,,generator_fixture_not_human_gold
SYN-20260915-0966,regular,REVIEW_SEMANTICS,,generator_fixture_not_human_gold
SYN-20260915-0967,regular,REVIEW_SEMANTICS,,generator_fixture_not_human_gold
SYN-20260915-0968,regular,REVIEW_SEMANTICS,,generator_fixture_not_human_gold
SYN-20260915-0969,regular,REVIEW_SEMANTICS,,generator_fixture_not_human_gold
SYN-20260915-0970,regular,REVIEW_SEMANTICS,,generator_fixture_not_human_gold
SYN-20260915-0971,regular,REVIEW_SEMANTICS,,generator_fixture_not_human_gold
SYN-20260915-0972,regular,REVIEW_SEMANTICS,,generator_fixture_not_human_gold
SYN-20260915-0973,regular,REVIEW_SEMANTICS,,generator_fixture_not_human_gold
SYN-20260915-0974,regular,REVIEW_SEMANTICS,,generator_fixture_not_human_gold
SYN-20260915-0975,regular,REVIEW_SEMANTICS,,generator_fixture_not_human_gold
SYN-20260915-0976,regular,REVIEW_SEMANTICS,,generator_fixture_not_human_gold
SYN-20260915-0977,regular,REVIEW_SEMANTICS,,generator_fixture_not_human_gold
SYN-20260915-0978,regular,REVIEW_SEMANTICS,,generator_fixture_not_human_gold
SYN-20260915-0979,regular,REVIEW_SEMANTICS,,generator_fixture_not_human_gold
SYN-20260915-0980,regular,REVIEW_SEMANTICS,,generator_fixture_not_human_gold
SYN-20260915-0981,exact_text_duplicate,REVIEW_DUPLICATE_NOT_AUTO_DELETE,SYN-20260915-0061,generator_fixture_not_human_gold
SYN-20260915-0982,exact_text_duplicate,REVIEW_DUPLICATE_NOT_AUTO_DELETE,SYN-20260915-0062,generator_fixture_not_human_gold
SYN-20260915-0983,exact_text_duplicate,REVIEW_DUPLICATE_NOT_AUTO_DELETE,SYN-20260915-0063,generator_fixture_not_human_gold
SYN-20260915-0984,exact_text_duplicate,REVIEW_DUPLICATE_NOT_AUTO_DELETE,SYN-20260915-0064,generator_fixture_not_human_gold
SYN-20260915-0985,exact_text_duplicate,REVIEW_DUPLICATE_NOT_AUTO_DELETE,SYN-20260915-0065,generator_fixture_not_human_gold
SYN-20260915-0986,exact_text_duplicate,REVIEW_DUPLICATE_NOT_AUTO_DELETE,SYN-20260915-0066,generator_fixture_not_human_gold
SYN-20260915-0987,exact_text_duplicate,REVIEW_DUPLICATE_NOT_AUTO_DELETE,SYN-20260915-0067,generator_fixture_not_human_gold
SYN-20260915-0988,exact_text_duplicate,REVIEW_DUPLICATE_NOT_AUTO_DELETE,SYN-20260915-0068,generator_fixture_not_human_gold
SYN-20260915-0989,exact_text_duplicate,REVIEW_DUPLICATE_NOT_AUTO_DELETE,SYN-20260915-0069,generator_fixture_not_human_gold
SYN-20260915-0990,exact_text_duplicate,REVIEW_DUPLICATE_NOT_AUTO_DELETE,SYN-20260915-0070,generator_fixture_not_human_gold
SYN-20260915-0991,exact_text_duplicate,REVIEW_DUPLICATE_NOT_AUTO_DELETE,SYN-20260915-0071,generator_fixture_not_human_gold
SYN-20260915-0992,exact_text_duplicate,REVIEW_DUPLICATE_NOT_AUTO_DELETE,SYN-20260915-0072,generator_fixture_not_human_gold
SYN-20260915-0993,exact_text_duplicate,REVIEW_DUPLICATE_NOT_AUTO_DELETE,SYN-20260915-0073,generator_fixture_not_human_gold
SYN-20260915-0994,exact_text_duplicate,REVIEW_DUPLICATE_NOT_AUTO_DELETE,SYN-20260915-0074,generator_fixture_not_human_gold
SYN-20260915-0995,exact_text_duplicate,REVIEW_DUPLICATE_NOT_AUTO_DELETE,SYN-20260915-0075,generator_fixture_not_human_gold
SYN-20260915-0996,exact_text_duplicate,REVIEW_DUPLICATE_NOT_AUTO_DELETE,SYN-20260915-0076,generator_fixture_not_human_gold
SYN-20260915-0997,exact_text_duplicate,REVIEW_DUPLICATE_NOT_AUTO_DELETE,SYN-20260915-0077,generator_fixture_not_human_gold
SYN-20260915-0998,exact_text_duplicate,REVIEW_DUPLICATE_NOT_AUTO_DELETE,SYN-20260915-0078,generator_fixture_not_human_gold
SYN-20260915-0999,exact_text_duplicate,REVIEW_DUPLICATE_NOT_AUTO_DELETE,SYN-20260915-0079,generator_fixture_not_human_gold
SYN-20260915-1000,exact_text_duplicate,REVIEW_DUPLICATE_NOT_AUTO_DELETE,SYN-20260915-0080,generator_fixture_not_human_gold
