id,text,brand,product,date,platform,source_url,data_kind
DEMO001,刚上脸有刺痛感，洗掉之后缓解，希望有更温和的版本。,示例品牌B,示例精华,2026-08-01,模拟电商评价,,人工编写的合成演示样本，非真实评论
DEMO002,连续三晚使用后两颊泛红，我已经停用了。,示例品牌A,示例面霜,2026-08-02,模拟社交笔记,,人工编写的合成演示样本，非真实评论
DEMO003,换季用这瓶觉得刺激，想要明确的新手使用频率说明。,示例品牌B,示例精华,2026-08-03,模拟电商评价,,人工编写的合成演示样本，非真实评论
DEMO004,涂在鼻翼会辣脸，其他位置没有同样感觉。,示例品牌A,示例面霜,2026-08-04,模拟社交笔记,,人工编写的合成演示样本，非真实评论
DEMO005,早C晚A时上脸烫，希望告诉我如何减少用量。,示例品牌B,示例精华,2026-08-05,模拟电商评价,,人工编写的合成演示样本，非真实评论
DEMO006,和我的粉底叠涂会搓泥，化妆前没法顺利使用。,示例品牌A,示例面霜,2026-08-06,模拟社交笔记,,人工编写的合成演示样本，非真实评论
DEMO007,防晒后再加精华会起屑，希望说明正确的搭配顺序。,示例品牌B,示例精华,2026-08-07,模拟电商评价,,人工编写的合成演示样本，非真实评论
DEMO008,只用一泵也搓泥，出门前要全部洗掉重涂。,示例品牌A,示例面霜,2026-08-08,模拟社交笔记,,人工编写的合成演示样本，非真实评论
DEMO009,和乳霜一起用明显搓泥，单独使用倒是正常。,示例品牌B,示例精华,2026-08-09,模拟电商评价,,人工编写的合成演示样本，非真实评论
DEMO010,妆前用了这瓶，鼻子附近起屑，看起来很明显。,示例品牌A,示例面霜,2026-08-10,模拟社交笔记,,人工编写的合成演示样本，非真实评论
DEMO011,油皮用了一周闷痘，停了几天才慢慢恢复。,示例品牌B,示例精华,2026-08-11,模拟电商评价,,人工编写的合成演示样本，非真实评论
DEMO012,下巴新长了闭口，想知道这款是否适合油皮。,示例品牌A,示例面霜,2026-08-12,模拟社交笔记,,人工编写的合成演示样本，非真实评论
DEMO013,夏天涂完闷痘，冬天还没试过。,示例品牌B,示例精华,2026-08-13,模拟电商评价,,人工编写的合成演示样本，非真实评论
DEMO014,额头用了之后爆痘，我不打算继续用了。,示例品牌A,示例面霜,2026-08-14,模拟社交笔记,,人工编写的合成演示样本，非真实评论
DEMO015,连用三天感觉闷痘，希望提供清爽一点的版本。,示例品牌B,示例精华,2026-08-15,模拟电商评价,,人工编写的合成演示样本，非真实评论
DEMO016,空调房里下午就干燥，想要保湿时间再长一点。,示例品牌A,示例面霜,2026-08-16,模拟社交笔记,,人工编写的合成演示样本，非真实评论
DEMO017,干皮早上用完到中午紧绷，需要再补面霜。,示例品牌B,示例精华,2026-08-17,模拟电商评价,,人工编写的合成演示样本，非真实评论
DEMO018,洗脸后涂这个会拔干，鼻翼还有小皮屑。,示例品牌A,示例面霜,2026-08-18,模拟社交笔记,,人工编写的合成演示样本，非真实评论
DEMO019,冬天只靠这一瓶不保湿，必须再加厚重乳霜。,示例品牌B,示例精华,2026-08-19,模拟电商评价,,人工编写的合成演示样本，非真实评论
DEMO020,用了以后两颊还是干燥，希望改善换季保湿效果。,示例品牌A,示例面霜,2026-08-20,模拟社交笔记,,人工编写的合成演示样本，非真实评论
DEMO021,泵头总是按不出剩下的精华，最后只能拆瓶。,示例品牌B,示例精华,2026-08-21,模拟电商评价,,人工编写的合成演示样本，非真实评论
DEMO022,出差放包里漏液，盖子拧紧也没解决。,示例品牌A,示例面霜,2026-08-22,模拟社交笔记,,人工编写的合成演示样本，非真实评论
DEMO023,瓶口经常挂着一圈精华，擦掉觉得很浪费。,示例品牌B,示例精华,2026-08-23,模拟电商评价,,人工编写的合成演示样本，非真实评论
DEMO024,新买的泵头按了很多次才出液，希望改进结构。,示例品牌A,示例面霜,2026-08-24,模拟社交笔记,,人工编写的合成演示样本，非真实评论
DEMO025,用了半瓶之后按不出，我看瓶底明明还有很多。,示例品牌B,示例精华,2026-08-25,模拟电商评价,,人工编写的合成演示样本，非真实评论
DEMO026,恢复原价后太贵，日常复购的负担比较大。,示例品牌A,示例面霜,2026-08-26,模拟社交笔记,,人工编写的合成演示样本，非真实评论
DEMO027,这个容量价格高，希望有更划算的补充装。,示例品牌B,示例精华,2026-08-27,模拟电商评价,,人工编写的合成演示样本，非真实评论
DEMO028,上次活动结束就涨价了，暂时不考虑复购。,示例品牌A,示例面霜,2026-08-28,模拟社交笔记,,人工编写的合成演示样本，非真实评论
DEMO029,同样价格只能用一个月，我觉得不划算。,示例品牌B,示例精华,2026-08-01,模拟电商评价,,人工编写的合成演示样本，非真实评论
DEMO030,试用觉得不错但是太贵，想要小规格尝试。,示例品牌A,示例面霜,2026-08-02,模拟社交笔记,,人工编写的合成演示样本，非真实评论
DEMO031,质地黏黏的，睡觉会粘枕头，希望吸收更快。,示例品牌B,示例精华,2026-08-03,模拟电商评价,,人工编写的合成演示样本，非真实评论
DEMO032,涂完吸收慢，需要等好久才能上防晒。,示例品牌A,示例面霜,2026-08-04,模拟社交笔记,,人工编写的合成演示样本，非真实评论
DEMO033,油皮夏天觉得油腻，半天后脸上还在泛油光。,示例品牌B,示例精华,2026-08-05,模拟电商评价,,人工编写的合成演示样本，非真实评论
DEMO034,手摸脸有点粘，少涂一点也没有改善。,示例品牌A,示例面霜,2026-08-06,模拟社交笔记,,人工编写的合成演示样本，非真实评论
DEMO035,晚间用还是觉得黏，希望有更轻薄的肤感。,示例品牌B,示例精华,2026-08-07,模拟电商评价,,人工编写的合成演示样本，非真实评论
DEMO036,吸收快，早上用完可以很快开始化妆。,示例品牌A,示例面霜,2026-08-08,模拟社交笔记,,人工编写的合成演示样本，非真实评论
DEMO037,肤感清爽，夏天通勤使用也很舒服。,示例品牌B,示例精华,2026-08-09,模拟电商评价,,人工编写的合成演示样本，非真实评论
DEMO038,我用着温和，不刺激，也没有泛红。,示例品牌A,示例面霜,2026-08-10,模拟社交笔记,,人工编写的合成演示样本，非真实评论
DEMO039,保湿好，冬天搭配面霜时体验不错。,示例品牌B,示例精华,2026-08-11,模拟电商评价,,人工编写的合成演示样本，非真实评论
DEMO040,用完觉得好用，愿意继续观察长期效果。,示例品牌A,示例面霜,2026-08-12,模拟社交笔记,,人工编写的合成演示样本，非真实评论
