id,text,feedback_type,dimension,sentiment,severity
SYN0522,早上用吸收快，肤感清爽，化妆前也好用。（合成场景 0522：使用第18天，单次3泵。）,,,,
SYN0738,价格高，活动后又涨价，日常买不划算。（合成场景 0738：使用第10天，单次3泵。）,,,,
SYN0741,某国货早C晚A太刺激，已经停用，想要低刺激的选择。（合成场景 0741：使用第13天，单次3泵。）,,,,
SYN0661,某国货早C晚A太刺激，已经停用，想要低刺激的选择。（合成场景 0661：使用第17天，单次1泵。）,,,,
SYN0412,早上用吸收快，肤感清爽，化妆前也好用。（合成场景 0412：使用第20天，单次1泵。）,,,,
SYN0679,某国货早C晚A太刺激，已经停用，想要低刺激的选择。（合成场景 0679：使用第7天，单次1泵。）,,,,
SYN0627,上脸烫但不是过敏，晚上用完有些泛红，希望更温和一点。（合成场景 0627：使用第11天，单次3泵。）,,,,
SYN0514,换季脸还是干燥紧绷，希望保湿更持久。（合成场景 0514：使用第10天，单次1泵。）,,,,
SYN0860,用了三周没变化，细纹改善不明显，希望说明见效周期。（合成场景 0860：使用第20天，单次2泵。）,,,,
SYN0137,泵头按不出，瓶口还漏液，希望改善包装。（合成场景 0137：使用第25天，单次2泵。）,,,,
SYN0812,上脸烫但不是过敏，晚上用完有些泛红，希望更温和一点。（合成场景 0812：使用第28天，单次2泵。）,,,,
SYN0077,吸收慢，摸起来黏黏的，希望肤感更清爽。（合成场景 0077：使用第21天，单次2泵。）,,,,
SYN0637,保湿好但是叠涂搓泥，希望解决搭配问题。（合成场景 0637：使用第21天，单次1泵。）,,,,
SYN0974,上脸烫但不是过敏，晚上用完有些泛红，希望更温和一点。（合成场景 0974：使用第22天，单次2泵。）,,,,
SYN0939,保湿好但是叠涂搓泥，希望解决搭配问题。（合成场景 0939：使用第15天，单次3泵。）,,,,
SYN0900,早上用吸收快，肤感清爽，化妆前也好用。（合成场景 0900：使用第4天，单次3泵。）,,,,
SYN0281,某国货早C晚A太刺激，已经停用，想要低刺激的选择。（合成场景 0281：使用第1天，单次2泵。）,,,,
SYN0884,泵头按不出，瓶口还漏液，希望改善包装。（合成场景 0884：使用第16天，单次2泵。）,,,,
SYN0762,吸收慢，摸起来黏黏的，希望肤感更清爽。（合成场景 0762：使用第6天，单次3泵。）,,,,
SYN0320,上脸烫但不是过敏，晚上用完有些泛红，希望更温和一点。（合成场景 0320：使用第12天，单次2泵。）,,,,
SYN0550,价格高，活动后又涨价，日常买不划算。（合成场景 0550：使用第18天，单次1泵。）,,,,
SYN0175,保湿好但是叠涂搓泥，希望解决搭配问题。（合成场景 0175：使用第7天，单次1泵。）,,,,
SYN0372,早上用吸收快，肤感清爽，化妆前也好用。（合成场景 0372：使用第8天，单次3泵。）,,,,
SYN0528,化妆前叠涂防晒会搓泥，想要更容易搭配底妆。（合成场景 0528：使用第24天，单次3泵。）,,,,
SYN0211,油皮用了以后闷痘，鼻翼长了闭口，已经停用。（合成场景 0211：使用第15天，单次1泵。）,,,,
SYN0236,换季脸还是干燥紧绷，希望保湿更持久。（合成场景 0236：使用第12天，单次2泵。）,,,,
SYN0102,保湿好但是叠涂搓泥，希望解决搭配问题。（合成场景 0102：使用第18天，单次3泵。）,,,,
SYN0987,价格高，活动后又涨价，日常买不划算。（合成场景 0987：使用第7天，单次3泵。）,,,,
SYN0903,用了三周没变化，细纹改善不明显，希望说明见效周期。（合成场景 0903：使用第7天，单次3泵。）,,,,
SYN0948,保湿好但是叠涂搓泥，希望解决搭配问题。（合成场景 0948：使用第24天，单次3泵。）,,,,
SYN0347,早上用吸收快，肤感清爽，化妆前也好用。（合成场景 0347：使用第11天，单次2泵。）,,,,
SYN0140,早上用吸收快，肤感清爽，化妆前也好用。（合成场景 0140：使用第28天，单次2泵。）,,,,
SYN0622,吸收慢，摸起来黏黏的，希望肤感更清爽。（合成场景 0622：使用第6天，单次1泵。）,,,,
SYN0500,保湿好但是叠涂搓泥，希望解决搭配问题。（合成场景 0500：使用第24天，单次2泵。）,,,,
SYN0371,敏感肌用着温和，不刺激，没有泛红。（合成场景 0371：使用第7天，单次2泵。）,,,,
SYN0199,吸收慢，摸起来黏黏的，希望肤感更清爽。（合成场景 0199：使用第3天，单次1泵。）,,,,
SYN0688,保湿好但是叠涂搓泥，希望解决搭配问题。（合成场景 0688：使用第16天，单次1泵。）,,,,
SYN0585,某国货早C晚A太刺激，已经停用，想要低刺激的选择。（合成场景 0585：使用第25天，单次3泵。）,,,,
SYN0902,保湿好但是叠涂搓泥，希望解决搭配问题。（合成场景 0902：使用第6天，单次2泵。）,,,,
SYN0060,早上用吸收快，肤感清爽，化妆前也好用。（合成场景 0060：使用第4天，单次3泵。）,,,,
SYN0329,某国货早C晚A太刺激，已经停用，想要低刺激的选择。（合成场景 0329：使用第21天，单次2泵。）,,,,
SYN0097,油皮用了以后闷痘，鼻翼长了闭口，已经停用。（合成场景 0097：使用第13天，单次1泵。）,,,,
SYN0313,用了三周没变化，细纹改善不明显，希望说明见效周期。（合成场景 0313：使用第5天，单次1泵。）,,,,
SYN0975,敏感肌用着温和，不刺激，没有泛红。（合成场景 0975：使用第23天，单次3泵。）,,,,
SYN0300,换季脸还是干燥紧绷，希望保湿更持久。（合成场景 0300：使用第20天，单次3泵。）,,,,
SYN0278,用了三周没变化，细纹改善不明显，希望说明见效周期。（合成场景 0278：使用第26天，单次2泵。）,,,,
SYN0925,早上用吸收快，肤感清爽，化妆前也好用。（合成场景 0925：使用第1天，单次1泵。）,,,,
SYN0602,用了三周没变化，细纹改善不明显，希望说明见效周期。（合成场景 0602：使用第14天，单次2泵。）,,,,
SYN0440,化妆前叠涂防晒会搓泥，想要更容易搭配底妆。（合成场景 0440：使用第20天，单次2泵。）,,,,
SYN0838,化妆前叠涂防晒会搓泥，想要更容易搭配底妆。（合成场景 0838：使用第26天，单次1泵。）,,,,
SYN0571,早上用吸收快，肤感清爽，化妆前也好用。（合成场景 0571：使用第11天，单次1泵。）,,,,
SYN0880,泵头按不出，瓶口还漏液，希望改善包装。（合成场景 0880：使用第12天，单次1泵。）,,,,
SYN0262,油皮用了以后闷痘，鼻翼长了闭口，已经停用。（合成场景 0262：使用第10天，单次1泵。）,,,,
SYN0579,早上用吸收快，肤感清爽，化妆前也好用。（合成场景 0579：使用第19天，单次3泵。）,,,,
SYN0024,上脸烫但不是过敏，晚上用完有些泛红，希望更温和一点。（合成场景 0024：使用第24天，单次3泵。）,,,,
SYN0031,价格高，活动后又涨价，日常买不划算。（合成场景 0031：使用第3天，单次1泵。）,,,,
SYN0618,泵头按不出，瓶口还漏液，希望改善包装。（合成场景 0618：使用第2天，单次3泵。）,,,,
SYN0011,某国货早C晚A太刺激，已经停用，想要低刺激的选择。（合成场景 0011：使用第11天，单次2泵。）,,,,
SYN0222,保湿好但是叠涂搓泥，希望解决搭配问题。（合成场景 0222：使用第26天，单次3泵。）,,,,
SYN0821,敏感肌用着温和，不刺激，没有泛红。（合成场景 0821：使用第9天，单次2泵。）,,,,
SYN0297,油皮用了以后闷痘，鼻翼长了闭口，已经停用。（合成场景 0297：使用第17天，单次3泵。）,,,,
SYN0055,用了三周没变化，细纹改善不明显，希望说明见效周期。（合成场景 0055：使用第27天，单次1泵。）,,,,
SYN0543,化妆前叠涂防晒会搓泥，想要更容易搭配底妆。（合成场景 0543：使用第11天，单次3泵。）,,,,
SYN0210,油皮用了以后闷痘，鼻翼长了闭口，已经停用。（合成场景 0210：使用第14天，单次3泵。）,,,,
SYN0605,某国货早C晚A太刺激，已经停用，想要低刺激的选择。（合成场景 0605：使用第17天，单次2泵。）,,,,
SYN0693,泵头按不出，瓶口还漏液，希望改善包装。（合成场景 0693：使用第21天，单次3泵。）,,,,
SYN0663,早上用吸收快，肤感清爽，化妆前也好用。（合成场景 0663：使用第19天，单次3泵。）,,,,
SYN0867,换季脸还是干燥紧绷，希望保湿更持久。（合成场景 0867：使用第27天，单次3泵。）,,,,
SYN0071,换季脸还是干燥紧绷，希望保湿更持久。（合成场景 0071：使用第15天，单次2泵。）,,,,
SYN0544,价格高，活动后又涨价，日常买不划算。（合成场景 0544：使用第12天，单次1泵。）,,,,
SYN0108,换季脸还是干燥紧绷，希望保湿更持久。（合成场景 0108：使用第24天，单次3泵。）,,,,
SYN0494,价格高，活动后又涨价，日常买不划算。（合成场景 0494：使用第18天，单次2泵。）,,,,
SYN0591,价格高，活动后又涨价，日常买不划算。（合成场景 0591：使用第3天，单次3泵。）,,,,
SYN0742,价格高，活动后又涨价，日常买不划算。（合成场景 0742：使用第14天，单次1泵。）,,,,
SYN0293,早上用吸收快，肤感清爽，化妆前也好用。（合成场景 0293：使用第13天，单次2泵。）,,,,
SYN0290,换季脸还是干燥紧绷，希望保湿更持久。（合成场景 0290：使用第10天，单次2泵。）,,,,
SYN0653,用了三周没变化，细纹改善不明显，希望说明见效周期。（合成场景 0653：使用第9天，单次2泵。）,,,,
SYN0040,泵头按不出，瓶口还漏液，希望改善包装。（合成场景 0040：使用第12天，单次1泵。）,,,,
SYN0590,吸收慢，摸起来黏黏的，希望肤感更清爽。（合成场景 0590：使用第2天，单次2泵。）,,,,
SYN0308,上脸烫但不是过敏，晚上用完有些泛红，希望更温和一点。（合成场景 0308：使用第28天，单次2泵。）,,,,
SYN0680,吸收慢，摸起来黏黏的，希望肤感更清爽。（合成场景 0680：使用第8天，单次2泵。）,,,,
SYN0067,保湿好但是叠涂搓泥，希望解决搭配问题。（合成场景 0067：使用第11天，单次1泵。）,,,,
SYN0276,价格高，活动后又涨价，日常买不划算。（合成场景 0276：使用第24天，单次3泵。）,,,,
SYN0068,化妆前叠涂防晒会搓泥，想要更容易搭配底妆。（合成场景 0068：使用第12天，单次2泵。）,,,,
SYN0319,价格高，活动后又涨价，日常买不划算。（合成场景 0319：使用第11天，单次1泵。）,,,,
SYN0549,保湿好但是叠涂搓泥，希望解决搭配问题。（合成场景 0549：使用第17天，单次3泵。）,,,,
SYN0999,换季脸还是干燥紧绷，希望保湿更持久。（合成场景 0999：使用第19天，单次3泵。）,,,,
SYN0715,敏感肌用着温和，不刺激，没有泛红。（合成场景 0715：使用第15天，单次1泵。）,,,,
SYN0754,上脸烫但不是过敏，晚上用完有些泛红，希望更温和一点。（合成场景 0754：使用第26天，单次1泵。）,,,,
SYN0328,早上用吸收快，肤感清爽，化妆前也好用。（合成场景 0328：使用第20天，单次1泵。）,,,,
SYN0383,某国货早C晚A太刺激，已经停用，想要低刺激的选择。（合成场景 0383：使用第19天，单次2泵。）,,,,
SYN0452,用了三周没变化，细纹改善不明显，希望说明见效周期。（合成场景 0452：使用第4天，单次2泵。）,,,,
SYN0523,价格高，活动后又涨价，日常买不划算。（合成场景 0523：使用第19天，单次1泵。）,,,,
SYN0219,价格高，活动后又涨价，日常买不划算。（合成场景 0219：使用第23天，单次3泵。）,,,,
SYN0788,上脸烫但不是过敏，晚上用完有些泛红，希望更温和一点。（合成场景 0788：使用第4天，单次2泵。）,,,,
SYN0437,用了三周没变化，细纹改善不明显，希望说明见效周期。（合成场景 0437：使用第17天，单次2泵。）,,,,
SYN0765,换季脸还是干燥紧绷，希望保湿更持久。（合成场景 0765：使用第9天，单次3泵。）,,,,
SYN0089,某国货早C晚A太刺激，已经停用，想要低刺激的选择。（合成场景 0089：使用第5天，单次2泵。）,,,,
SYN0064,泵头按不出，瓶口还漏液，希望改善包装。（合成场景 0064：使用第8天，单次1泵。）,,,,
SYN0827,吸收慢，摸起来黏黏的，希望肤感更清爽。（合成场景 0827：使用第15天，单次2泵。）,,,,
